level,group,final_label,set_type,rank_within_set,gene,n_programs_in_group,recurrence_count_in_MP,recurrence_fraction_in_MP,mean_loading_in_MP,median_loading_in_MP,recurrence_count_outside_MP,max_recurrence_fraction_other_MP,specificity_delta,specificity_ratio
final_mp,MP1,angiogenic/vascular,strict,1,COL4A1,7,7,1.0,0.005498432542201742,0.005699734304608,6,0.3333333333333333,0.6666666666666667,2.9999910000270003
final_mp,MP1,angiogenic/vascular,strict,2,VWF,7,7,1.0,0.004551651579618286,0.0054375305416918,6,0.3333333333333333,0.6666666666666667,2.9999910000270003
final_mp,MP1,angiogenic/vascular,strict,3,ESM1,7,7,1.0,0.003630027948887129,0.003277418228315,1,0.16666666666666666,0.8333333333333334,5.999964000215999
final_mp,MP1,angiogenic/vascular,strict,4,PDGFRB,7,7,1.0,0.003547654122633371,0.0042029549679748,6,0.23076923076923078,0.7692307692307692,4.3333145556369255
final_mp,MP1,angiogenic/vascular,strict,5,COL4A2,7,6,0.8571428571428571,0.005217480587207734,0.0059963579637307505,4,0.3333333333333333,0.5238095238095237,2.571420857166
final_mp,MP1,angiogenic/vascular,strict,6,IGFBP7,7,6,0.8571428571428571,0.00484771282928905,0.0042333621085036,14,0.8333333333333334,0.023809523809523725,1.0285701942871952
final_mp,MP1,angiogenic/vascular,strict,7,PLVAP,7,6,0.8571428571428571,0.004763221301157717,0.004743521269033451,3,0.07692307692307693,0.7802197802197801,11.142712287597403
final_mp,MP1,angiogenic/vascular,strict,8,A2M,7,6,0.8571428571428571,0.0044243994968254175,0.0045038464360834,7,0.5,0.3571428571428571,1.7142822857211426
final_mp,MP1,angiogenic/vascular,strict,9,SPARC,7,6,0.8571428571428571,0.0041841579060440505,0.00435397215379695,22,1.0,-0.1428571428571429,0.8571420000008572
final_mp,MP1,angiogenic/vascular,strict,10,RGS5,7,6,0.8571428571428571,0.0041246093111355665,0.00417484324896875,1,0.16666666666666666,0.6904761904761905,5.142826285899427
final_mp,MP1,angiogenic/vascular,strict,11,ESAM,7,6,0.8571428571428571,0.0039011351277824665,0.00425901439919215,1,0.0,0.8571428571428571,857142.8571428572
final_mp,MP1,angiogenic/vascular,strict,12,ENG,7,6,0.8571428571428571,0.0036959316745805,0.00338505352009145,7,1.0,-0.1428571428571429,0.8571420000008572
final_mp,MP1,angiogenic/vascular,strict,13,CDH5,7,6,0.8571428571428571,0.003666203400159084,0.0040511468870605,0,0.0,0.8571428571428571,857142.8571428572
final_mp,MP1,angiogenic/vascular,strict,14,PECAM1,7,6,0.8571428571428571,0.0033008839493861666,0.0035145980275576,2,0.0,0.8571428571428571,857142.8571428572
final_mp,MP1,angiogenic/vascular,strict,15,CLEC14A,7,6,0.8571428571428571,0.003168519838711884,0.0031853344563000504,2,0.0,0.8571428571428571,857142.8571428572
final_mp,MP1,angiogenic/vascular,strict,16,SPARCL1,7,5,0.7142857142857143,0.004064831491481661,0.0052114047463241,7,0.5,0.2142857142857143,1.4285685714342857
final_mp,MP1,angiogenic/vascular,strict,17,MCAM,7,5,0.7142857142857143,0.00400679830657076,0.0047295988697579,3,0.07692307692307693,0.6373626373626373,9.285593572997836
final_mp,MP1,angiogenic/vascular,strict,18,CD248,7,5,0.7142857142857143,0.0038823911948848407,0.00390005504587,1,0.0,0.7142857142857143,714285.7142857143
final_mp,MP1,angiogenic/vascular,strict,19,LAMB1,7,5,0.7142857142857143,0.0034715137568504797,0.0036471733965444,2,0.16666666666666666,0.5476190476190477,4.285688571582856
final_mp,MP1,angiogenic/vascular,strict,20,LAMA4,7,5,0.7142857142857143,0.0034643893627688193,0.0039989487625484,2,0.07692307692307693,0.6373626373626373,9.285593572997836
final_mp,MP1,angiogenic/vascular,strict,21,ADGRF5,7,5,0.7142857142857143,0.0033885271843717398,0.0033267523804122,0,0.0,0.7142857142857143,714285.7142857143
final_mp,MP1,angiogenic/vascular,strict,22,IGFBP3,7,5,0.7142857142857143,0.0029293634418545,0.002115813315783,7,0.3333333333333333,0.380952380952381,2.142850714305
final_mp,MP1,angiogenic/vascular,strict,23,CD93,7,5,0.7142857142857143,0.00285701275919844,0.0027943034847936,5,0.16666666666666666,0.5476190476190477,4.285688571582856
final_mp,MP1,angiogenic/vascular,strict,24,ADGRL4,7,4,0.5714285714285714,0.004352563737623375,0.00412876144290605,0,0.0,0.5714285714285714,571428.5714285715
final_mp,MP1,angiogenic/vascular,strict,25,ITGA1,7,4,0.5714285714285714,0.0041652501963559,0.004387059710748049,0,0.0,0.5714285714285714,571428.5714285715
final_mp,MP1,angiogenic/vascular,strict,26,NID1,7,4,0.5714285714285714,0.00416415739844485,0.0041460685438027,0,0.0,0.5714285714285714,571428.5714285715
final_mp,MP1,angiogenic/vascular,strict,27,HSPG2,7,4,0.5714285714285714,0.003904982955140225,0.0043098220419704,4,0.5,0.0714285714285714,1.1428548571474284
final_mp,MP1,angiogenic/vascular,strict,28,CD34,7,4,0.5714285714285714,0.003735282563506975,0.00392948611826915,0,0.0,0.5714285714285714,571428.5714285715
final_mp,MP1,angiogenic/vascular,strict,29,VIM,7,4,0.5714285714285714,0.0034074583472591497,0.0029626132182492,8,0.3333333333333333,0.23809523809523808,1.7142805714440001
final_mp,MP1,angiogenic/vascular,strict,30,THY1,7,4,0.5714285714285714,0.003402881730663625,0.0036508838921021003,8,0.5384615384615384,0.03296703296703296,1.0612225189540974
final_mp,MP1,angiogenic/vascular,strict,31,ADAMTS4,7,4,0.5714285714285714,0.003382196846976325,0.0034679168628196496,0,0.0,0.5714285714285714,571428.5714285715
final_mp,MP1,angiogenic/vascular,strict,32,COL6A2,7,4,0.5714285714285714,0.003373038561682325,0.0032980887816309,18,1.0,-0.4285714285714286,0.5714280000005715
final_mp,MP1,angiogenic/vascular,strict,33,FLT1,7,3,0.42857142857142855,0.005300565290774,0.0058021077239092,1,0.07692307692307693,0.3516483516483516,5.571356143798702
final_mp,MP1,angiogenic/vascular,strict,34,COL5A3,7,3,0.42857142857142855,0.004710121980599333,0.0048587264425462,2,0.07692307692307693,0.3516483516483516,5.571356143798702
final_mp,MP1,angiogenic/vascular,strict,35,COL18A1,7,3,0.42857142857142855,0.0046774265348231,0.0051853556581275,3,0.0,0.42857142857142855,428571.4285714286
final_mp,MP1,angiogenic/vascular,strict,36,MGP,7,3,0.42857142857142855,0.004643870052537466,0.0045311047192574,5,0.5,-0.07142857142857145,0.8571411428605713
final_mp,MP1,angiogenic/vascular,strict,37,ANGPT2,7,3,0.42857142857142855,0.004379373801273266,0.0040795904913482,0,0.0,0.42857142857142855,428571.4285714286
final_mp,MP1,angiogenic/vascular,strict,38,ID3,7,3,0.42857142857142855,0.004041823460359633,0.003619626720722,4,0.3333333333333333,0.09523809523809523,1.285710428583
final_mp,MP1,angiogenic/vascular,strict,39,RAMP2,7,3,0.42857142857142855,0.003599687940641167,0.0043972965321774,1,0.0,0.42857142857142855,428571.4285714286
final_mp,MP1,angiogenic/vascular,strict,40,PCDH12,7,3,0.42857142857142855,0.0035691443769497334,0.0040249847247696,0,0.0,0.42857142857142855,428571.4285714286
final_mp,MP1,angiogenic/vascular,strict,41,TMEM204,7,3,0.42857142857142855,0.0035542364510827338,0.0040723268798654,0,0.0,0.42857142857142855,428571.4285714286
final_mp,MP1,angiogenic/vascular,strict,42,PLXDC1,7,3,0.42857142857142855,0.0034086788140083994,0.0037824338442081,0,0.0,0.42857142857142855,428571.4285714286
final_mp,MP1,angiogenic/vascular,strict,43,GJA4,7,3,0.42857142857142855,0.0032967948171615667,0.0036477105123612,2,0.0,0.42857142857142855,428571.4285714286
final_mp,MP1,angiogenic/vascular,strict,44,BGN,7,3,0.42857142857142855,0.0031004644949452,0.0023441114629128,13,0.75,-0.32142857142857145,0.5714278095248253
final_mp,MP1,angiogenic/vascular,strict,45,KDR,7,3,0.42857142857142855,0.0028471150714931997,0.0030122103429693,0,0.0,0.42857142857142855,428571.4285714286
final_mp,MP1,angiogenic/vascular,strict,46,COL6A3,7,3,0.42857142857142855,0.002746869169609633,0.0021290241411474,15,0.6923076923076923,-0.26373626373626374,0.6190467248690165
final_mp,MP1,angiogenic/vascular,strict,47,FSTL1,7,3,0.42857142857142855,0.0023874203410275334,0.0020601920561693,7,0.38461538461538464,0.04395604395604391,1.1142828171503896
final_mp,MP2,iCAF-stress,strict,1,CCN1,4,4,1.0,0.0027368769835149744,0.0027558309593853497,3,0.14285714285714285,0.8571428571428572,6.999951000342998
final_mp,MP2,iCAF-stress,strict,2,COL1A1,4,4,1.0,0.00257009531482335,0.0025423689671512,20,1.0,0.0,0.9999990000010001
final_mp,MP2,iCAF-stress,strict,3,FN1,4,3,0.75,0.004213385089332666,0.0039143162719333,17,0.9230769230769231,-0.17307692307692313,0.8124991197926201
final_mp,MP2,iCAF-stress,strict,4,C3,4,3,0.75,0.004135968787794534,0.0042779922013555,10,0.5,0.25,1.499997000006
final_mp,MP2,iCAF-stress,strict,5,FOSB,4,3,0.75,0.0036554445484313666,0.0035475542726702,2,0.16666666666666666,0.5833333333333334,4.499973000161999
final_mp,MP2,iCAF-stress,strict,6,DUSP1,4,3,0.75,0.0036551453092067,0.0034775654658007,2,0.08333333333333333,0.6666666666666666,8.999892001295985
final_mp,MP2,iCAF-stress,strict,7,FOS,4,3,0.75,0.0035966418912155664,0.0034249114426054,6,0.08333333333333333,0.6666666666666666,8.999892001295985
final_mp,MP2,iCAF-stress,strict,8,NNMT,4,3,0.75,0.0034811947369769,0.0041496292908128,7,0.3076923076923077,0.4423076923076923,2.437492078150746
final_mp,MP2,iCAF-stress,strict,9,PTGIS,4,3,0.75,0.003095733579804733,0.003752005830177,3,0.16666666666666666,0.5833333333333334,4.499973000161999
final_mp,MP2,iCAF-stress,strict,10,SERPINE1,4,3,0.75,0.0029872595131646665,0.0030286933802395,4,0.16666666666666666,0.5833333333333334,4.499973000161999
final_mp,MP2,iCAF-stress,strict,11,THBS2,4,3,0.75,0.002817667666981933,0.0024535641664249,12,0.8461538461538461,-0.09615384615384615,0.8863625888442132
final_mp,MP2,iCAF-stress,strict,12,NBL1,4,3,0.75,0.002724539328666533,0.0034769907770446,11,0.8333333333333334,-0.08333333333333337,0.8999989200012959
final_mp,MP2,iCAF-stress,strict,13,RARRES2,4,3,0.75,0.0026994896781796667,0.0023109723412262,7,0.38461538461538464,0.36538461538461536,1.949994930013182
final_mp,MP2,iCAF-stress,strict,14,COL8A1,4,3,0.75,0.0025300139589611,0.0025230285688309,8,0.46153846153846156,0.28846153846153844,1.624996479174295
final_mp,MP2,iCAF-stress,strict,15,BGN,4,3,0.75,0.0024434471554930334,0.0025380016473593,13,0.6666666666666666,0.08333333333333337,1.1249983125025314
final_mp,MP2,iCAF-stress,strict,16,MMP2,4,3,0.75,0.002294009720662633,0.0017948307267389,15,0.9230769230769231,-0.17307692307692313,0.8124991197926201
final_mp,MP2,iCAF-stress,strict,17,SPARC,4,3,0.75,0.0021311023515087,0.0015620076427625,25,1.0,-0.25,0.7499992500007501
final_mp,MP2,iCAF-stress,strict,18,CXCL1,4,2,0.5,0.00407084701885005,0.00407084701885005,4,0.5,0.0,0.999998000004
final_mp,MP2,iCAF-stress,strict,19,EGR1,4,2,0.5,0.0039678532354515,0.0039678532354515,2,0.0,0.5,500000.0
final_mp,MP2,iCAF-stress,strict,20,JUNB,4,2,0.5,0.0034695078835831,0.0034695078835831,2,0.0,0.5,500000.0
final_mp,MP2,iCAF-stress,strict,21,LUM,4,2,0.5,0.0034467628986273504,0.0034467628986273504,16,0.9230769230769231,-0.42307692307692313,0.5416660798617468
final_mp,MP2,iCAF-stress,strict,22,TGFBI,4,2,0.5,0.0033803512011067,0.0033803512011067,5,0.16666666666666666,0.33333333333333337,2.9999820001079995
final_mp,MP2,iCAF-stress,strict,23,ATF3,4,2,0.5,0.0030661981158897,0.0030661981158897,2,0.0,0.5,500000.0
final_mp,MP2,iCAF-stress,strict,24,TIMP1,4,2,0.5,0.00304314038687985,0.00304314038687985,8,0.6666666666666666,-0.16666666666666663,0.7499988750016875
final_mp,MP2,iCAF-stress,strict,25,CCDC80,4,2,0.5,0.00303626199295465,0.00303626199295465,5,0.23076923076923078,0.2692307692307692,2.1666572778184627
final_mp,MP2,iCAF-stress,strict,26,IER2,4,2,0.5,0.0030084231395524,0.0030084231395524,1,0.0,0.5,500000.0
final_mp,MP2,iCAF-stress,strict,27,COL5A1,4,2,0.5,0.0029117665523543997,0.0029117665523543997,16,1.0,-0.5,0.49999950000050003
final_mp,MP2,iCAF-stress,strict,28,MARCKSL1,4,2,0.5,0.0028738577217891498,0.0028738577217891498,1,0.0,0.5,500000.0
final_mp,MP2,iCAF-stress,strict,29,TGM2,4,2,0.5,0.0027550405600638003,0.0027550405600638003,5,0.2857142857142857,0.2142857142857143,1.7499938750214377
final_mp,MP2,iCAF-stress,strict,30,NR4A1,4,2,0.5,0.0026443929516692002,0.0026443929516692002,1,0.0,0.5,500000.0
final_mp,MP2,iCAF-stress,strict,31,TAGLN,4,2,0.5,0.002576522515438,0.002576522515438,10,0.38461538461538464,0.11538461538461536,1.299996620008788
final_mp,MP2,iCAF-stress,strict,32,GJB2,4,2,0.5,0.00243269692512385,0.00243269692512385,6,0.23076923076923078,0.2692307692307692,2.1666572778184627
final_mp,MP2,iCAF-stress,strict,33,PDLIM3,4,2,0.5,0.0021271134611742498,0.0021271134611742498,5,0.23076923076923078,0.2692307692307692,2.1666572778184627
final_mp,MP2,iCAF-stress,strict,34,DPYSL3,4,2,0.5,0.0020508728323825,0.0020508728323825,3,0.3333333333333333,0.16666666666666669,1.4999955000135001
final_mp,MP2,iCAF-stress,strict,35,EMILIN1,4,2,0.5,0.00168466885842865,0.00168466885842865,13,1.0,-0.5,0.49999950000050003
final_mp,MP2,iCAF-stress,strict,36,ACTA2,4,2,0.5,0.00158876838888255,0.00158876838888255,12,0.3333333333333333,0.16666666666666669,1.4999955000135001
final_mp,MP3,complement-CAF,strict,1,COL6A2,6,6,1.0,0.0035023851598991163,0.0035036085524497,16,0.6923076923076923,0.3076923076923077,1.444442358027705
final_mp,MP3,complement-CAF,strict,2,DCN,6,6,1.0,0.0032432193982609666,0.00331896176974805,12,0.8461538461538461,0.15384615384615385,1.1818167851256176
final_mp,MP3,complement-CAF,strict,3,C7,6,6,1.0,0.003136274542670583,0.0033517469377657002,3,0.14285714285714285,0.8571428571428572,6.999951000342998
final_mp,MP3,complement-CAF,strict,4,EMILIN1,6,6,1.0,0.003123767636543883,0.0031625877499812,9,0.5,0.5,1.999996000008
final_mp,MP3,complement-CAF,strict,5,AEBP1,6,6,1.0,0.003068779313631066,0.0032742315034103,15,0.8461538461538461,0.15384615384615385,1.1818167851256176
final_mp,MP3,complement-CAF,strict,6,ENG,6,6,1.0,0.0028794861192446004,0.002896496546363,7,0.8571428571428571,0.1428571428571429,1.1666653055571437
final_mp,MP3,complement-CAF,strict,7,SPARC,6,5,0.8333333333333334,0.0036636163158487193,0.0034859100564297,23,1.0,-0.16666666666666663,0.8333325000008335
final_mp,MP3,complement-CAF,strict,8,IGFBP4,6,5,0.8333333333333334,0.0036610936544648003,0.0036151043171811,5,0.25,0.5833333333333334,3.333320000053334
final_mp,MP3,complement-CAF,strict,9,COL1A2,6,5,0.8333333333333334,0.00346602401074848,0.0036748958610844,17,1.0,-0.16666666666666663,0.8333325000008335
final_mp,MP3,complement-CAF,strict,10,IGFBP7,6,5,0.8333333333333334,0.0034541938197105203,0.0032155088367368,15,0.8571428571428571,-0.023809523809523725,0.9722210879642863
final_mp,MP3,complement-CAF,strict,11,COL1A1,6,5,0.8333333333333334,0.0034398595393441396,0.0037815850187072,19,1.0,-0.16666666666666663,0.8333325000008335
final_mp,MP3,complement-CAF,strict,12,ISLR,6,5,0.8333333333333334,0.00316540106874144,0.0030159272105695,9,0.6153846153846154,0.21794871794871795,1.354164466149409
final_mp,MP3,complement-CAF,strict,13,COL3A1,6,5,0.8333333333333334,0.00311497149599742,0.0031883230412741,17,1.0,-0.16666666666666663,0.8333325000008335
final_mp,MP3,complement-CAF,strict,14,C1S,6,5,0.8333333333333334,0.00277998549993356,0.0030085065700498,5,0.23076923076923078,0.6025641025641026,3.6110954630307712
final_mp,MP3,complement-CAF,strict,15,NBL1,6,5,0.8333333333333334,0.0026849649105886,0.0029164824708675,9,0.75,0.08333333333333337,1.111109629631605
final_mp,MP3,complement-CAF,strict,16,SERPINF1,6,5,0.8333333333333334,0.00262462210545832,0.0027182798787301,10,0.6153846153846154,0.21794871794871795,1.354164466149409
final_mp,MP3,complement-CAF,strict,17,TIMP2,6,5,0.8333333333333334,0.00258695477849056,0.0026615024167357,6,0.38461538461538464,0.44871794871794873,2.16666103334798
final_mp,MP3,complement-CAF,strict,18,PCOLCE,6,5,0.8333333333333334,0.0025850518419063403,0.0026548321456787,9,0.6153846153846154,0.21794871794871795,1.354164466149409
final_mp,MP3,complement-CAF,strict,19,IGFBP5,6,5,0.8333333333333334,0.00246990753907196,0.0025310060759783,5,0.25,0.5833333333333334,3.333320000053334
final_mp,MP3,complement-CAF,strict,20,BGN,6,4,0.6666666666666666,0.0033424587073538755,0.0035307329489179503,12,0.75,-0.08333333333333337,0.8888877037052839
final_mp,MP3,complement-CAF,strict,21,TIMP1,6,4,0.6666666666666666,0.00317322092377835,0.00302698929650115,6,0.5,0.16666666666666663,1.3333306666719997
final_mp,MP3,complement-CAF,strict,22,LGALS1,6,4,0.6666666666666666,0.003029305031702975,0.00298751951278245,9,0.46153846153846156,0.20512820512820507,1.4444413148215955
final_mp,MP3,complement-CAF,strict,23,HTRA1,6,4,0.6666666666666666,0.003026772061390525,0.002963237699091,9,0.46153846153846156,0.20512820512820507,1.4444413148215955
final_mp,MP3,complement-CAF,strict,24,COL6A3,6,4,0.6666666666666666,0.00299100988966595,0.0029136129246223504,14,0.6923076923076923,-0.02564102564102566,0.96296157201847
final_mp,MP3,complement-CAF,strict,25,MEG3,6,4,0.6666666666666666,0.0028164557256262,0.0028545364598044,1,0.0,0.6666666666666666,666666.6666666666
final_mp,MP3,complement-CAF,strict,26,COLEC11,6,4,0.6666666666666666,0.0027025508406345747,0.0029818217713457997,1,0.0,0.6666666666666666,666666.6666666666
final_mp,MP3,complement-CAF,strict,27,LRP1,6,4,0.6666666666666666,0.002539350399646825,0.00271218664792325,1,0.14285714285714285,0.5238095238095237,4.666634000228665
final_mp,MP3,complement-CAF,strict,28,COL6A1,6,3,0.5,0.0037896243759098,0.0039658105016897,14,0.7692307692307693,-0.2692307692307693,0.6499991550010984
final_mp,MP3,complement-CAF,strict,29,MGP,6,3,0.5,0.003637202888640867,0.003730257328737,5,0.42857142857142855,0.07142857142857145,1.1666639444507965
final_mp,MP3,complement-CAF,strict,30,APOE,6,3,0.5,0.0031900711370018,0.0030315947955816,13,1.0,-0.5,0.49999950000050003
final_mp,MP3,complement-CAF,strict,31,A2M,6,3,0.5,0.0031494803996788335,0.0036473436788428,10,0.8571428571428571,-0.3571428571428571,0.5833326527785718
final_mp,MP3,complement-CAF,strict,32,C1R,6,3,0.5,0.0031297838790501,0.0031129293743511,6,0.3076923076923077,0.1923076923076923,1.624994718767164
final_mp,MP3,complement-CAF,strict,33,SPARCL1,6,3,0.5,0.0030550262101206667,0.0028049765942136,9,0.7142857142857143,-0.2142857142857143,0.6999990200013719
final_mp,MP3,complement-CAF,strict,34,C1QA,6,3,0.5,0.003039389404416433,0.0027158262752054,7,0.5,0.0,0.999998000004
final_mp,MP3,complement-CAF,strict,35,FTL,6,3,0.5,0.00292968869488,0.0030833020270974,15,1.0,-0.5,0.49999950000050003
final_mp,MP3,complement-CAF,strict,36,TNXB,6,3,0.5,0.0027720635478491336,0.0028985047484991,2,0.0,0.5,500000.0
final_mp,MP3,complement-CAF,strict,37,HSPG2,6,3,0.5,0.002762651953039,0.0027105193404553,5,0.5714285714285714,-0.0714285714285714,0.8749984687526797
final_mp,MP3,complement-CAF,strict,38,MXRA8,6,3,0.5,0.0027624895901744,0.0027599153383356,4,0.23076923076923078,0.2692307692307692,2.1666572778184627
final_mp,MP3,complement-CAF,strict,39,SFRP4,6,3,0.5,0.002701111138860733,0.0025760796075846,6,0.38461538461538464,0.11538461538461536,1.299996620008788
final_mp,MP4,activated-myCAF,strict,1,COL3A1,13,13,1.0,0.004520525954460701,0.0043589558323644,9,0.8333333333333334,0.16666666666666663,1.199998560001728
final_mp,MP4,activated-myCAF,strict,2,COL1A2,13,13,1.0,0.004506996958493453,0.0041610593673084,9,0.8333333333333334,0.16666666666666663,1.199998560001728
final_mp,MP4,activated-myCAF,strict,3,COL1A1,13,13,1.0,0.004476926881022992,0.0038296931579797,11,1.0,0.0,0.9999990000010001
final_mp,MP4,activated-myCAF,strict,4,SPARC,13,13,1.0,0.003554622363854623,0.0037941514013657,15,0.8571428571428571,0.1428571428571429,1.1666653055571437
final_mp,MP4,activated-myCAF,strict,5,COL5A2,13,13,1.0,0.003500002155881485,0.0033429830311256,3,0.16666666666666666,0.8333333333333334,5.999964000215999
final_mp,MP4,activated-myCAF,strict,6,COL5A1,13,13,1.0,0.0034769762582841464,0.0032464426365288,5,0.5,0.5,1.999996000008
final_mp,MP4,activated-myCAF,strict,7,LUM,13,12,0.9230769230769231,0.004248701660476025,0.0033824302476575,6,0.5,0.42307692307692313,1.8461501538535385
final_mp,MP4,activated-myCAF,strict,8,POSTN,13,12,0.9230769230769231,0.003826845629543317,0.00340417783932135,2,0.0,0.9230769230769231,923076.9230769231
final_mp,MP4,activated-myCAF,strict,9,FN1,13,12,0.9230769230769231,0.003726553504163783,0.0030256871384642,8,0.75,0.17307692307692313,1.2307675897457777
final_mp,MP4,activated-myCAF,strict,10,MMP2,13,12,0.9230769230769231,0.003277554471220041,0.0029547798695821,6,0.75,0.17307692307692313,1.2307675897457777
final_mp,MP4,activated-myCAF,strict,11,DCN,13,11,0.8461538461538461,0.003755592990122009,0.0029094377981787,7,1.0,-0.15384615384615385,0.8461530000008463
final_mp,MP4,activated-myCAF,strict,12,CTHRC1,13,11,0.8461538461538461,0.003623476494552091,0.0030907033926817,3,0.25,0.5961538461538461,3.384601846208
final_mp,MP4,activated-myCAF,strict,13,THBS2,13,11,0.8461538461538461,0.003613840655559364,0.002847195755845,4,0.75,0.09615384615384615,1.1282036239336295
final_mp,MP4,activated-myCAF,strict,14,AEBP1,13,11,0.8461538461538461,0.003499389002401127,0.0031222859254193,10,1.0,-0.15384615384615385,0.8461530000008463
final_mp,MP4,activated-myCAF,strict,15,VCAN,13,11,0.8461538461538461,0.0034110270397442184,0.0028353150927562,3,0.25,0.5961538461538461,3.384601846208
final_mp,MP4,activated-myCAF,strict,16,COL6A1,13,10,0.7692307692307693,0.0043911952022543995,0.0038081469242600002,7,0.5,0.2692307692307693,1.5384584615446153
final_mp,MP4,activated-myCAF,strict,17,COL6A3,13,9,0.6923076923076923,0.004065404384837956,0.0040051485569724,9,0.6666666666666666,0.02564102564102566,1.0384599807715673
final_mp,MP4,activated-myCAF,strict,18,COL6A2,13,9,0.6923076923076923,0.0036975507367429106,0.0038994076333574,13,1.0,-0.3076923076923077,0.6923070000006923
final_mp,MP4,activated-myCAF,strict,19,MMP11,13,8,0.6153846153846154,0.00473602653879605,0.0040330584238745006,1,0.0,0.6153846153846154,615384.6153846155
final_mp,MP4,activated-myCAF,strict,20,COL11A1,13,8,0.6153846153846154,0.0041116116703752,0.0030329202243678,0,0.0,0.6153846153846154,615384.6153846155
final_mp,MP4,activated-myCAF,strict,21,ISLR,13,8,0.6153846153846154,0.0032367989265469376,0.00272678469840015,6,0.8333333333333334,-0.21794871794871795,0.7384606523087557
final_mp,MP4,activated-myCAF,strict,22,SERPINF1,13,8,0.6153846153846154,0.00322553414674985,0.0032281790917577,7,0.8333333333333334,-0.21794871794871795,0.7384606523087557
final_mp,MP4,activated-myCAF,strict,23,PCOLCE,13,8,0.6153846153846154,0.0028394271413950127,0.002981490723504,6,0.8333333333333334,-0.21794871794871795,0.7384606523087557
final_mp,MP4,activated-myCAF,strict,24,CTSK,13,7,0.5384615384615384,0.003468810606768772,0.0032051343739133,1,0.0,0.5384615384615384,538461.5384615385
final_mp,MP4,activated-myCAF,strict,25,THY1,13,7,0.5384615384615384,0.0033163919341231717,0.0034638028346203,5,0.5714285714285714,-0.03296703296703296,0.9423060432721165
final_mp,MP4,activated-myCAF,strict,26,FBLN1,13,7,0.5384615384615384,0.0032650679311214716,0.0027431410186463,3,0.25,0.28846153846153844,2.153837538496
final_mp,MP4,activated-myCAF,strict,27,COL12A1,13,7,0.5384615384615384,0.0029665684143509,0.0029796000268727,1,0.0,0.5384615384615384,538461.5384615385
final_mp,MP4,activated-myCAF,strict,28,SULF1,13,7,0.5384615384615384,0.0027620442501225,0.0021045829437317,2,0.0,0.5384615384615384,538461.5384615385
final_mp,MP4,activated-myCAF,strict,29,LRRC15,13,6,0.46153846153846156,0.003502658054383984,0.00271384898918925,0,0.0,0.46153846153846156,461538.46153846156
final_mp,MP4,activated-myCAF,strict,30,MXRA5,13,6,0.46153846153846156,0.003362005102951283,0.00345262499998525,1,0.0,0.46153846153846156,461538.46153846156
final_mp,MP4,activated-myCAF,strict,31,NBL1,13,6,0.46153846153846156,0.0031669237692113494,0.0025064574835809497,8,0.8333333333333334,-0.3717948717948718,0.5538454892315667
final_mp,MP4,activated-myCAF,strict,32,COL8A1,13,6,0.46153846153846156,0.0031543940376432505,0.00302252675065975,5,0.75,-0.28846153846153844,0.6153837948728889
final_mp,MP4,activated-myCAF,strict,33,LGALS1,13,6,0.46153846153846156,0.0031310270151902,0.00262772717470955,7,0.6666666666666666,-0.20512820512820507,0.6923066538477116
final_mp,MP4,activated-myCAF,strict,34,COL10A1,13,6,0.46153846153846156,0.0030877079584051502,0.0029692439102628,1,0.0,0.46153846153846156,461538.46153846156
final_mp,MP4,activated-myCAF,strict,35,MMP14,13,6,0.46153846153846156,0.002589568559588033,0.00252382910475335,2,0.0,0.46153846153846156,461538.46153846156
final_mp,MP4,activated-myCAF,strict,36,HTRA1,13,6,0.46153846153846156,0.002565889613818867,0.0025623422927641,7,0.6666666666666666,-0.20512820512820507,0.6923066538477116
final_mp,MP4,activated-myCAF,strict,37,CDH11,13,6,0.46153846153846156,0.002443162433223333,0.0020003478275454,5,0.3333333333333333,0.12820512820512825,1.3846112307816925
final_mp,MP4,activated-myCAF,strict,38,PRRX1,13,6,0.46153846153846156,0.0023730871443956333,0.0025355183336177997,1,0.0,0.46153846153846156,461538.46153846156
final_mp,MP5,IFN/TLS immune,strict,1,ISG15,10,10,1.0,0.00475249206683873,0.00439018969365885,2,0.0,1.0,1000000.0
final_mp,MP5,IFN/TLS immune,strict,2,IFIT3,10,10,1.0,0.0037355097941522792,0.00363992480198485,1,0.0,1.0,1000000.0
final_mp,MP5,IFN/TLS immune,strict,3,OASL,10,10,1.0,0.00349655134396306,0.00288288450534825,1,0.0,1.0,1000000.0
final_mp,MP5,IFN/TLS immune,strict,4,OAS1,10,10,1.0,0.00347073492060133,0.0034086841627829,2,0.0,1.0,1000000.0
final_mp,MP5,IFN/TLS immune,strict,5,CMPK2,10,10,1.0,0.00340795322589258,0.0029938112956487,0,0.0,1.0,1000000.0
final_mp,MP5,IFN/TLS immune,strict,6,TNFSF10,10,10,1.0,0.0033067504618462503,0.0030277403361370497,1,0.0,1.0,1000000.0
final_mp,MP5,IFN/TLS immune,strict,7,OAS2,10,10,1.0,0.0033067226580746705,0.0028163519692353,1,0.0,1.0,1000000.0
final_mp,MP5,IFN/TLS immune,strict,8,MX1,10,9,0.9,0.004350063365698856,0.0042647916491286,1,0.0,0.9,900000.0000000001
final_mp,MP5,IFN/TLS immune,strict,9,RSAD2,10,9,0.9,0.004142525561964534,0.0040964718511906,1,0.0,0.9,900000.0000000001
final_mp,MP5,IFN/TLS immune,strict,10,LAMP3,10,9,0.9,0.0035150585918071217,0.0029128723448983,0,0.0,0.9,900000.0000000001
final_mp,MP5,IFN/TLS immune,strict,11,DDX58,10,9,0.9,0.003378360194972089,0.0021961788787525,0,0.0,0.9,900000.0000000001
final_mp,MP5,IFN/TLS immune,strict,12,ISG20,10,9,0.9,0.0033144100545224667,0.0031796331720208,1,0.0,0.9,900000.0000000001
final_mp,MP5,IFN/TLS immune,strict,13,IFIH1,10,9,0.9,0.0032948973807976558,0.0027998665442872,0,0.0,0.9,900000.0000000001
final_mp,MP5,IFN/TLS immune,strict,14,OAS3,10,9,0.9,0.0032202097810607997,0.0022216114567515,0,0.0,0.9,900000.0000000001
final_mp,MP5,IFN/TLS immune,strict,15,WARS,10,9,0.9,0.0027492221687746665,0.0025643141438682,1,0.16666666666666666,0.7333333333333334,5.399967600194399
final_mp,MP5,IFN/TLS immune,strict,16,IFIT1,10,8,0.8,0.004631280390745275,0.00382284380672815,1,0.0,0.8,800000.0000000001
final_mp,MP5,IFN/TLS immune,strict,17,STAT1,10,8,0.8,0.0035753645254709746,0.003230665989733,1,0.0,0.8,800000.0000000001
final_mp,MP5,IFN/TLS immune,strict,18,IFI6,10,8,0.8,0.0034960498606999377,0.0034576318500801,1,0.0,0.8,800000.0000000001
final_mp,MP5,IFN/TLS immune,strict,19,IFI44L,10,8,0.8,0.0032984028749959,0.00286863718559535,0,0.0,0.8,800000.0000000001
final_mp,MP5,IFN/TLS immune,strict,20,TAP1,10,8,0.8,0.0032425406718722127,0.0027564277573350997,1,0.16666666666666666,0.6333333333333334,4.799971200172799
final_mp,MP5,IFN/TLS immune,strict,21,IFI44,10,8,0.8,0.0032043785099449998,0.0028760804670307,0,0.0,0.8,800000.0000000001
final_mp,MP5,IFN/TLS immune,strict,22,GBP4,10,8,0.8,0.0030826857022881373,0.00274327229927165,1,0.16666666666666666,0.6333333333333334,4.799971200172799
final_mp,MP5,IFN/TLS immune,strict,23,PLSCR1,10,8,0.8,0.0030654086443073873,0.0023698120672560503,0,0.0,0.8,800000.0000000001
final_mp,MP5,IFN/TLS immune,strict,24,CXCL10,10,7,0.7,0.0043883482351514,0.0031890817798295,3,0.16666666666666666,0.5333333333333333,4.199974800151199
final_mp,MP5,IFN/TLS immune,strict,25,CXCL11,10,7,0.7,0.0038960735502528428,0.003848265739646,3,0.16666666666666666,0.5333333333333333,4.199974800151199
final_mp,MP5,IFN/TLS immune,strict,26,IFIT2,10,7,0.7,0.0038404336997505998,0.0037462164081489,1,0.0,0.7,700000.0
final_mp,MP5,IFN/TLS immune,strict,27,PARP14,10,7,0.7,0.0034887117216721997,0.0034351388580057,0,0.0,0.7,700000.0
final_mp,MP5,IFN/TLS immune,strict,28,GBP1,10,7,0.7,0.003200759373597372,0.0025747480233335,2,0.16666666666666666,0.5333333333333333,4.199974800151199
final_mp,MP5,IFN/TLS immune,strict,29,MX2,10,7,0.7,0.002985182483029357,0.0028787451371983,1,0.0,0.7,700000.0
final_mp,MP5,IFN/TLS immune,strict,30,RNF213,10,7,0.7,0.0026369988819047,0.0019303740957447,0,0.0,0.7,700000.0
final_mp,MP5,IFN/TLS immune,strict,31,TRIM22,10,7,0.7,0.0026067802090118143,0.002707017801738,0,0.0,0.7,700000.0
final_mp,MP5,IFN/TLS immune,strict,32,SAMD9L,10,6,0.6,0.0031701989806229166,0.0028681127340110498,0,0.0,0.6,600000.0
final_mp,MP5,IFN/TLS immune,strict,33,HELZ2,10,6,0.6,0.0031120784359093506,0.00300898937559715,0,0.0,0.6,600000.0
final_mp,MP5,IFN/TLS immune,strict,34,IFI35,10,6,0.6,0.002654607746267083,0.00266133084684945,0,0.0,0.6,600000.0
final_mp,MP5,IFN/TLS immune,strict,35,UBE2L6,10,6,0.6,0.0025134673089935,0.0023624480482890503,0,0.0,0.6,600000.0
final_mp,MP5,IFN/TLS immune,strict,36,LY6E,10,5,0.5,0.0037502279313421797,0.0039746944675037,2,0.0,0.5,500000.0
final_mp,MP5,IFN/TLS immune,strict,37,MT2A,10,5,0.5,0.0035237653077003204,0.0035691920388554,7,0.5,0.0,0.999998000004
final_mp,MP5,IFN/TLS immune,strict,38,EPSTI1,10,5,0.5,0.00336482024719994,0.0037304463331831,0,0.0,0.5,500000.0
final_mp,MP5,IFN/TLS immune,strict,39,PSMB9,10,5,0.5,0.0031409867089381796,0.0027781935004579,1,0.0,0.5,500000.0
final_mp,MP5,IFN/TLS immune,strict,40,XAF1,10,5,0.5,0.00289755954834724,0.0031608921623372,0,0.0,0.5,500000.0
final_mp,MP5,IFN/TLS immune,strict,41,HERC5,10,5,0.5,0.00286722585383294,0.0019084152507967,0,0.0,0.5,500000.0
final_mp,MP5,IFN/TLS immune,strict,42,IDO1,10,5,0.5,0.00269716408230272,0.0031261628562828,2,0.16666666666666666,0.33333333333333337,2.9999820001079995
final_mp,MP5,IFN/TLS immune,strict,43,IFITM3,10,5,0.5,0.00269141816975462,0.0027461700726694,4,0.0,0.5,500000.0
final_mp,MP5,IFN/TLS immune,strict,44,LAP3,10,5,0.5,0.0026258440713427798,0.002481830698695,1,0.08333333333333333,0.4166666666666667,5.9999280008639895
final_mp,MP6,APC/TAM myeloid,strict,1,APOE,12,12,1.0,0.004055545968785141,0.00400788337033025,4,0.5,0.5,1.999996000008
final_mp,MP6,APC/TAM myeloid,strict,2,LAPTM5,12,12,1.0,0.0038073068645223004,0.00336058960663995,3,0.16666666666666666,0.8333333333333334,5.999964000215999
final_mp,MP6,APC/TAM myeloid,strict,3,FTL,12,12,1.0,0.0037844766455242414,0.0035423185132806,6,0.5,0.5,1.999996000008
final_mp,MP6,APC/TAM myeloid,strict,4,PSAP,12,12,1.0,0.0035005685017293416,0.00353273329659835,2,0.16666666666666666,0.8333333333333334,5.999964000215999
final_mp,MP6,APC/TAM myeloid,strict,5,FCER1G,12,12,1.0,0.003331762045484025,0.0033592472941468,1,0.0,1.0,1000000.0
final_mp,MP6,APC/TAM myeloid,strict,6,APOC1,12,11,0.9166666666666666,0.004023885711272491,0.0039003618921516,1,0.16666666666666666,0.75,5.499967000197999
final_mp,MP6,APC/TAM myeloid,strict,7,C1QB,12,11,0.9166666666666666,0.0038498799810518093,0.0035968191254162,4,0.16666666666666666,0.75,5.499967000197999
final_mp,MP6,APC/TAM myeloid,strict,8,TYROBP,12,11,0.9166666666666666,0.003844238858796227,0.0037849038518593,3,0.14285714285714285,0.7738095238095237,6.416621750314414
final_mp,MP6,APC/TAM myeloid,strict,9,CTSB,12,11,0.9166666666666666,0.003446138052422536,0.0032281084012101,4,0.0,0.9166666666666666,916666.6666666666
final_mp,MP6,APC/TAM myeloid,strict,10,LYZ,12,11,0.9166666666666666,0.0033875840610859357,0.0034958232718321,2,0.0,0.9166666666666666,916666.6666666666
final_mp,MP6,APC/TAM myeloid,strict,11,CD68,12,11,0.9166666666666666,0.003276642486577182,0.0028984129708954,0,0.0,0.9166666666666666,916666.6666666666
final_mp,MP6,APC/TAM myeloid,strict,12,GPNMB,12,11,0.9166666666666666,0.0032574866538613453,0.0033102195352011,3,0.2857142857142857,0.6309523809523809,3.208322104205969
final_mp,MP6,APC/TAM myeloid,strict,13,CTSS,12,10,0.8333333333333334,0.00290941616692433,0.0032460047946174,1,0.0,0.8333333333333334,833333.3333333334
final_mp,MP6,APC/TAM myeloid,strict,14,CTSD,12,9,0.75,0.0037181862374379335,0.0036406055709289,6,0.16666666666666666,0.5833333333333334,4.499973000161999
final_mp,MP6,APC/TAM myeloid,strict,15,C1QC,12,9,0.75,0.0034562461938125997,0.003245849376406,1,0.16666666666666666,0.5833333333333334,4.499973000161999
final_mp,MP6,APC/TAM myeloid,strict,16,ITGB2,12,9,0.75,0.0033600244932339893,0.003266252626298,2,0.0,0.75,750000.0
final_mp,MP6,APC/TAM myeloid,strict,17,B2M,12,8,0.6666666666666666,0.00338011891688655,0.00339279590808635,9,0.2,0.4666666666666666,3.333316666749999
final_mp,MP6,APC/TAM myeloid,strict,18,CD14,12,8,0.6666666666666666,0.0032596559111817873,0.0029268123210686,1,0.16666666666666666,0.5,3.9999760001439992
final_mp,MP6,APC/TAM myeloid,strict,19,SRGN,12,8,0.6666666666666666,0.002922081423555075,0.0026527221776005997,1,0.16666666666666666,0.5,3.9999760001439992
final_mp,MP6,APC/TAM myeloid,strict,20,CD74,12,7,0.5833333333333334,0.004016671400529671,0.0037851506278376,3,0.16666666666666666,0.41666666666666674,3.499979000126
final_mp,MP6,APC/TAM myeloid,strict,21,HLA-DRA,12,7,0.5833333333333334,0.0036735552216426008,0.0036978502441021,4,0.14285714285714285,0.4404761904761905,4.0833047502000825
final_mp,MP6,APC/TAM myeloid,strict,22,SPP1,12,7,0.5833333333333334,0.0035978367770471142,0.0025912724550172,4,0.5714285714285714,0.011904761904761973,1.0208315468781264
final_mp,MP6,APC/TAM myeloid,strict,23,HLA-DPA1,12,7,0.5833333333333334,0.003367995587622057,0.0029425131750615,2,0.0,0.5833333333333334,583333.3333333334
final_mp,MP6,APC/TAM myeloid,strict,24,IFI30,12,6,0.5,0.004423955157467083,0.0038527757713482,0,0.0,0.5,500000.0
final_mp,MP6,APC/TAM myeloid,strict,25,C1QA,12,6,0.5,0.0042224321417629,0.00418231297604325,4,0.5,0.0,0.999998000004
final_mp,MP6,APC/TAM myeloid,strict,26,HLA-DQA1,12,6,0.5,0.0032979256200983335,0.0033098749684495497,2,0.0,0.5,500000.0
final_mp,MP6,APC/TAM myeloid,strict,27,HLA-DRB1,12,6,0.5,0.0032330866667916835,0.0029484581185429,3,0.16666666666666666,0.33333333333333337,2.9999820001079995
final_mp,MP6,APC/TAM myeloid,strict,28,LGMN,12,6,0.5,0.0031067293042697664,0.0029668394542518,1,0.0,0.5,500000.0
final_mp,MP6,APC/TAM myeloid,strict,29,HLA-DPB1,12,6,0.5,0.0030567178851579834,0.0027988188338479,2,0.0,0.5,500000.0
final_mp,MP6,APC/TAM myeloid,strict,30,CTSZ,12,6,0.5,0.0029198117361455334,0.0028038283212678504,0,0.0,0.5,500000.0
final_mp,MP6,APC/TAM myeloid,strict,31,CTSC,12,6,0.5,0.0028669150847668834,0.0027905865360379,0,0.0,0.5,500000.0
final_mp,MP6,APC/TAM myeloid,strict,32,ITGAX,12,6,0.5,0.002773435309454417,0.00273041627642465,1,0.0,0.5,500000.0
final_mp,MP6,APC/TAM myeloid,strict,33,LIPA,12,6,0.5,0.00272094919958165,0.00304774524794465,0,0.0,0.5,500000.0
final_mp,MP6,APC/TAM myeloid,strict,34,SPI1,12,6,0.5,0.0025772234871778,0.00267937430400555,0,0.0,0.5,500000.0
final_mp,MP6,APC/TAM myeloid,strict,35,CAPG,12,6,0.5,0.002490796389582133,0.00263694992822275,1,0.0,0.5,500000.0
final_mp,MP7,malignant hypoxia,strict,1,SLC2A1,7,7,1.0,0.003512888172647243,0.0027746014490973,2,0.2,0.8,4.999975000124999
final_mp,MP7,malignant hypoxia,strict,2,VEGFA,7,7,1.0,0.0032927208013759863,0.0028724091897613,1,0.1,0.9,9.99990000099999
final_mp,MP7,malignant hypoxia,strict,3,NDRG1,7,6,0.8571428571428571,0.0032567200590402005,0.0023867252051413502,4,0.16666666666666666,0.6904761904761905,5.142826285899427
final_mp,MP7,malignant hypoxia,strict,4,ERO1A,7,6,0.8571428571428571,0.0031962652300418005,0.00301671165804905,1,0.16666666666666666,0.6904761904761905,5.142826285899427
final_mp,MP7,malignant hypoxia,strict,5,ENO1,7,6,0.8571428571428571,0.0031486537720554833,0.0032573804762192,1,0.1,0.7571428571428571,8.57134285799999
final_mp,MP7,malignant hypoxia,strict,6,ADM,7,6,0.8571428571428571,0.0028322516859177835,0.00221304515403865,1,0.16666666666666666,0.6904761904761905,5.142826285899427
final_mp,MP7,malignant hypoxia,strict,7,EGLN3,7,6,0.8571428571428571,0.0026672617400727502,0.0024295735108828,0,0.0,0.8571428571428571,857142.8571428572
final_mp,MP7,malignant hypoxia,strict,8,ENO2,7,6,0.8571428571428571,0.0025047806103844334,0.00204392724090815,0,0.0,0.8571428571428571,857142.8571428572
final_mp,MP7,malignant hypoxia,strict,9,PLOD2,7,6,0.8571428571428571,0.0022873566085787,0.00240842090411225,1,0.07692307692307693,0.7802197802197801,11.142712287597403
final_mp,MP7,malignant hypoxia,strict,10,FTH1,7,5,0.7142857142857143,0.0033335809072247797,0.0030289969962439,11,0.5,0.2142857142857143,1.4285685714342857
final_mp,MP7,malignant hypoxia,strict,11,S100A10,7,5,0.7142857142857143,0.0026351340084530598,0.0024003974852697,11,0.3333333333333333,0.380952380952381,2.142850714305
final_mp,MP7,malignant hypoxia,strict,12,GPRC5A,7,5,0.7142857142857143,0.0022407084874271994,0.0021135679540167,3,0.16666666666666666,0.5476190476190477,4.285688571582856
final_mp,MP7,malignant hypoxia,strict,13,ANGPTL4,7,4,0.5714285714285714,0.003223544348768525,0.00269112444424215,2,0.25,0.3214285714285714,2.2857051428937143
final_mp,MP7,malignant hypoxia,strict,14,SPP1,7,4,0.5714285714285714,0.002755781116877875,0.00272521174377175,7,0.5833333333333334,-0.011904761904761973,0.979590157437281
final_mp,MP7,malignant hypoxia,strict,15,GPI,7,4,0.5714285714285714,0.002753910013460025,0.00243577437052375,1,0.1,0.4714285714285714,5.7142285719999935
final_mp,MP7,malignant hypoxia,strict,16,PLAUR,7,4,0.5714285714285714,0.0027066862259034247,0.0026924550101928,3,0.25,0.3214285714285714,2.2857051428937143
final_mp,MP7,malignant hypoxia,strict,17,FTL,7,3,0.42857142857142855,0.0037209824846596664,0.0034771188865833,15,1.0,-0.5714285714285714,0.4285710000004286
final_mp,MP7,malignant hypoxia,strict,18,HK2,7,3,0.42857142857142855,0.0037131368456520333,0.0037687827986892,0,0.0,0.42857142857142855,428571.4285714286
final_mp,MP7,malignant hypoxia,strict,19,SOD2,7,3,0.42857142857142855,0.0034764135078781335,0.0034093223080471,5,0.6666666666666666,-0.23809523809523808,0.642856178572875
final_mp,MP7,malignant hypoxia,strict,20,PGK1,7,3,0.42857142857142855,0.003198302585745933,0.0032460946947147,0,0.0,0.42857142857142855,428571.4285714286
final_mp,MP7,malignant hypoxia,strict,21,TFPI2,7,3,0.42857142857142855,0.003079183615693933,0.0030271242700608,3,0.16666666666666666,0.26190476190476186,2.5714131429497136
final_mp,MP7,malignant hypoxia,strict,22,PLIN2,7,3,0.42857142857142855,0.0027792837427555,0.0031014267399631,5,0.3333333333333333,0.09523809523809523,1.285710428583
final_mp,MP7,malignant hypoxia,strict,23,SAT1,7,3,0.42857142857142855,0.0027254321218389,0.0019583741167678,6,0.3333333333333333,0.09523809523809523,1.285710428583
final_mp,MP7,malignant hypoxia,strict,24,BHLHE40,7,3,0.42857142857142855,0.0026664627882903337,0.0025153811144656,0,0.0,0.42857142857142855,428571.4285714286
final_mp,MP7,malignant hypoxia,strict,25,CSTB,7,3,0.42857142857142855,0.0025797661600092665,0.0028881165502027,6,0.3333333333333333,0.09523809523809523,1.285710428583
final_mp,MP7,malignant hypoxia,strict,26,HILPDA,7,3,0.42857142857142855,0.0025618552044021,0.0022906097488938,1,0.16666666666666666,0.26190476190476186,2.5714131429497136
final_mp,MP7,malignant hypoxia,strict,27,STC2,7,3,0.42857142857142855,0.0025169412942315336,0.0027540886804004,0,0.0,0.42857142857142855,428571.4285714286
final_mp,MP7,malignant hypoxia,strict,28,ICAM1,7,3,0.42857142857142855,0.0024477414757855336,0.0023461622272285,5,0.25,0.17857142857142855,1.7142788571702856
final_mp,MP7,malignant hypoxia,strict,29,P4HA1,7,3,0.42857142857142855,0.0023936581893858,0.0026704810136759,0,0.0,0.42857142857142855,428571.4285714286
final_mp,MP7,malignant hypoxia,strict,30,BRI3,7,3,0.42857142857142855,0.0023685746997205333,0.0021901263290645,1,0.08333333333333333,0.34523809523809523,5.142795429311991
final_mp,MP7,malignant hypoxia,strict,31,LAMB3,7,3,0.42857142857142855,0.0023299457748531334,0.002336544006417,4,0.5,-0.07142857142857145,0.8571411428605713
final_mp,MP7,malignant hypoxia,strict,32,MIF,7,3,0.42857142857142855,0.0022994220593731333,0.0028135517045885,4,0.25,0.17857142857142855,1.7142788571702856
final_mp,MP7,malignant hypoxia,strict,33,SQSTM1,7,3,0.42857142857142855,0.002255539792887534,0.0021484091395794,0,0.0,0.42857142857142855,428571.4285714286
final_mp,MP7,malignant hypoxia,strict,34,CA9,7,3,0.42857142857142855,0.0020999281720611,0.0020586949134248,1,0.25,0.17857142857142855,1.7142788571702856
final_mp,MP7,malignant hypoxia,strict,35,ITGB8,7,3,0.42857142857142855,0.0020545608194171,0.0018559240317331,4,0.0,0.42857142857142855,428571.4285714286
final_mp,MP7,malignant hypoxia,strict,36,LAMA3,7,3,0.42857142857142855,0.0019600109645902335,0.0021122037947283,4,0.16666666666666666,0.26190476190476186,2.5714131429497136
final_mp,MP7,malignant hypoxia,strict,37,KRT7,7,3,0.42857142857142855,0.0018055964817406001,0.0018453934317663,6,0.0,0.42857142857142855,428571.4285714286
final_mp,MP8,malignant acute-phase/secretory,strict,1,S100A9,6,6,1.0,0.004883388715326133,0.0037477158992622,2,0.16666666666666666,0.8333333333333334,5.999964000215999
final_mp,MP8,malignant acute-phase/secretory,strict,2,SAA1,6,6,1.0,0.004231050622527484,0.00361418841945485,2,0.25,0.75,3.9999840000640003
final_mp,MP8,malignant acute-phase/secretory,strict,3,LCN2,6,6,1.0,0.0036718150603236833,0.0038259948194511,7,0.1,0.9,9.99990000099999
final_mp,MP8,malignant acute-phase/secretory,strict,4,SAA2,6,5,0.8333333333333334,0.0030939088628842604,0.0021175580612006,1,0.0,0.8333333333333334,833333.3333333334
final_mp,MP8,malignant acute-phase/secretory,strict,5,CFB,6,5,0.8333333333333334,0.0027735923008934,0.0029864949940655,5,0.2,0.6333333333333333,4.166645833437499
final_mp,MP8,malignant acute-phase/secretory,strict,6,S100A8,6,4,0.6666666666666666,0.0047405749713315,0.0019479986623351,1,0.08333333333333333,0.5833333333333333,7.999904001151986
final_mp,MP8,malignant acute-phase/secretory,strict,7,SOD2,6,4,0.6666666666666666,0.0039418757730678,0.0029783476131844504,4,0.42857142857142855,0.23809523809523808,1.555551925934395
final_mp,MP8,malignant acute-phase/secretory,strict,8,PDZK1IP1,6,4,0.6666666666666666,0.003344889506146375,0.0024591477296477,1,0.0,0.6666666666666666,666666.6666666666
final_mp,MP8,malignant acute-phase/secretory,strict,9,WFDC2,6,4,0.6666666666666666,0.0032114183714200503,0.00355755715348215,9,0.0,0.6666666666666666,666666.6666666666
final_mp,MP8,malignant acute-phase/secretory,strict,10,HP,6,4,0.6666666666666666,0.003209862719711625,0.003570371017806,0,0.0,0.6666666666666666,666666.6666666666
final_mp,MP8,malignant acute-phase/secretory,strict,11,SLPI,6,4,0.6666666666666666,0.0030704585324518247,0.0031998782010323502,11,0.0,0.6666666666666666,666666.6666666666
final_mp,MP8,malignant acute-phase/secretory,strict,12,S100A7,6,3,0.5,0.006138257215913433,0.0026263702435037,0,0.0,0.5,500000.0
final_mp,MP8,malignant acute-phase/secretory,strict,13,CXCL1,6,3,0.5,0.004599730188478234,0.0048244080846169,3,0.5,0.0,0.999998000004
final_mp,MP8,malignant acute-phase/secretory,strict,14,MT2A,6,3,0.5,0.004101565347771167,0.0027758764535127,9,0.5,0.0,0.999998000004
final_mp,MP8,malignant acute-phase/secretory,strict,15,C3,6,3,0.5,0.0028233452071988667,0.0034738404619742,10,0.75,-0.25,0.666665777778963
final_mp,MP8,malignant acute-phase/secretory,strict,16,FTH1,6,3,0.5,0.0027774972588880662,0.002252986833745,13,0.7142857142857143,-0.2142857142857143,0.6999990200013719
final_mp,MP8,malignant acute-phase/secretory,strict,17,NFKBIA,6,3,0.5,0.002708222823232933,0.003068421475187,4,0.2857142857142857,0.2142857142857143,1.7499938750214377
final_mp,MP8,malignant acute-phase/secretory,strict,18,SLC34A2,6,3,0.5,0.0023481277292324333,0.0019706006383619,5,0.0,0.5,500000.0
final_mp,MP8,malignant acute-phase/secretory,strict,19,LAMB3,6,3,0.5,0.002303084477330333,0.001777740759626,4,0.42857142857142855,0.07142857142857145,1.1666639444507965
final_mp,MP8,malignant acute-phase/secretory,strict,20,CLU,6,3,0.5,0.002013734481789433,0.0014540853948699,10,0.25,0.25,1.9999920000320002
