domain,Malignant,CAF,Endothelial,Plasma,B cell,T CD4,T CD8,NK,cDC,pDC,Macrophage,Mast,Neutrophil,Unidentifiable,dataset,sample
0,0.3575510890185625,0.1042056862345485,0.0794940348850823,0.0060290442028912,0.1121071511299681,0.0047257409497577,0.0004015507352782,0.0004981817527985,0.0017098183174013,0.0109028317805994,0.0226171293739639,0.0006450461965983,0.0004959935060939,0.2986167019164554,visium/denisenko_2022,SP1
1,0.4836470826769811,0.12627085579585,0.086789490612726,0.0068638795782633,0.1337190842605245,0.002672980297328,0.0001499942621545,0.0003467747352001,0.000356681038103,0.0047646421871762,0.0500025826898982,0.0027345223846546,0.0001969068172582,0.1014845226638818,visium/denisenko_2022,SP1
2,0.60142965204236,0.1503016968319538,0.0682476269669922,0.0025617065521787,0.0222205804733808,0.0040848538514004,0.0008577485445165,0.0005534680627499,0.0020699018920379,0.0084979250788247,0.03970014517806,0.0004842349329539,0.0002635353936843,0.0987272241989061,visium/denisenko_2022,SP1
3,0.4340645486636409,0.048757331356219,0.0565935591107096,0.0042144336144974,0.1338560725829538,0.0035344559105822,0.0005309179049031,0.0002680018722024,0.0014732915809745,0.0078384577856348,0.0149661528514207,0.0007372996490977,0.0007654561634538,0.2924000209537092,visium/denisenko_2022,SP1
4,0.2544102550248541,0.419636271147135,0.0752094678153297,0.0013459976445831,0.0068728014947164,0.0011588493654995,0.0003519255447353,0.0004410280293845,0.0011545184651448,0.0074118973526956,0.0194186658296485,0.0003995713963634,2.7053684870234966e-05,0.2121616972050392,visium/denisenko_2022,SP1
5,0.808172216130689,0.0170483381010063,0.0249040668985801,0.0025000121626525,0.0425527884491838,0.0030960819722955,0.0002885514915295,0.0002608336524009,0.0011013974279021,0.003651148266274,0.00418066072394,0.0002047715363353,0.0007442079739795,0.0912974634395304,visium/denisenko_2022,SP1
6,0.6720027929710228,0.0610949025717911,0.0516137140770164,0.0048362018706187,0.0737041942727321,0.0050492932794326,0.000276631753034,0.0002455740088488,0.0010451627279304,0.0063257069465301,0.0175541022203794,0.0005615208785319,0.0005060890174358,0.1051851595585412,visium/denisenko_2022,SP1
7,0.3685118965754366,0.2508070541450206,0.1164547271193404,0.009180392678242,0.0289677978664079,0.0067458851168896,0.0020179622266573,0.0007524374093835,0.0012926222203722,0.0089705435020627,0.0408879969376516,0.0011896532244703,0.0001748642210582,0.1640461667570063,visium/denisenko_2022,SP1
8,0.9205285745160394,0.0270865262142528,0.0145657548669047,0.0009079131335461,0.0059729759594005,0.0016516107400611,6.432416182970753e-05,0.0001441671770417,0.000301736829631,0.0029863770872695,0.0079152086239376,5.250584718426192e-05,0.0002574008803932,0.0175702300849569,visium/denisenko_2022,SP1
0,0.2251469880649212,0.5283517836040198,0.0247597418028403,0.0249279561784905,0.0151720844734595,0.0154764354426523,0.0080707464568829,0.0025276103762803,0.0069098855993128,0.0098248397536767,0.1181708548331828,0.0019365324132008,0.0001564322470722,0.0185681087540072,visium/denisenko_2022,SP2
1,0.5264383734105501,0.2619702046201619,0.0289021449952882,0.0254470047233951,0.0103610184478215,0.0079321846701757,0.0041880436297284,0.0013626668958069,0.0045207006626403,0.016216615293161,0.0464781562135982,0.002146701681526,0.0003953478796003,0.0636408960481431,visium/denisenko_2022,SP2
2,0.1031994880819068,0.6115058120564012,0.0203168182885478,0.0354804247522335,0.0192236694049209,0.0239014530160619,0.0124322344166478,0.0027198773875962,0.0101254634317419,0.014716837711801,0.1268836838963079,0.0020496867045289,0.0002274135530611,0.0172171372982423,visium/denisenko_2022,SP2
3,0.5480409308144137,0.2678067279977758,0.0069026633980555,0.0144059023834287,0.0115766252548765,0.0067951213237972,0.0077386539195026,0.0008856761929562,0.0059573223705542,0.005300621182016,0.1105541330646049,0.0034181568687699,2.028216720077605e-05,0.010597247370729,visium/denisenko_2022,SP2
4,0.896706983314205,0.0225485947839272,0.0049926854663367,0.0049744288062628,0.0014142036085082,0.0018157560356385,0.0009877498258876,0.0007436361162313,0.0035887119160835,0.0071713971487065,0.0063311736459786,0.0007508947323832,0.0003231743018981,0.0476542202564582,visium/denisenko_2022,SP2
5,0.5829527939036863,0.3610886885727897,0.0093520328310918,0.0038536099651306,0.0019426436718049,0.0012752942803949,0.00108353539933,0.0004489595904554,0.0020681830733807,0.0028421001545503,0.0277296286418774,0.0033695303518754,8.945666979455034e-05,0.0019035428938374,visium/denisenko_2022,SP2
6,0.3481321698205706,0.2726621195789893,0.0127316994914522,0.0145056181581236,0.0066316843769159,0.0041455626970158,0.0074561774056227,0.0011897286201043,0.001152136855044,0.004887904934258,0.3231862423926953,0.0022066139149802,6.992925629618767e-06,0.0011053488285978,visium/denisenko_2022,SP2
7,0.7673004877359157,0.1240236337155807,0.0100981856510497,0.0095502787518984,0.003524493220857,0.0033724368979664,0.003779799721558,0.0011040400804047,0.0069902211273293,0.0046245446238284,0.0438000038796076,0.0018910522654131,0.0001244565979828,0.0198168308468866,visium/denisenko_2022,SP2
8,0.6060410334346503,0.1413080199526252,0.0137229889011584,0.0537127507221243,0.0133445180461603,0.0109991326362853,0.0118091650948703,0.0012029665189611,0.0101518373158045,0.009526934391619,0.1162269996844452,0.0026882287594995,0.0002389610360034,0.0090264635057923,visium/denisenko_2022,SP2
0,0.1352779539209469,0.4051974074595956,0.139242071804906,0.001841348888453,0.0035020194627464,0.0030026533468839,0.0014354303158107,0.0007370930918187,0.0023088063985325,0.0310939743267355,0.0056723190479765,0.0014939193262707,0.0003009877636546,0.2688940148456682,visium/denisenko_2022,SP3
1,0.7201095223608153,0.0465464382236059,0.0338311661118995,0.0099670781321169,0.0085003753505724,0.0041135919113203,0.0008897672707619,0.0004458373406472,0.0059517019239864,0.0135203871056322,0.0158121844719025,0.0005461953685177,0.0012638327263651,0.1385027887538789,visium/denisenko_2022,SP3
2,0.2264016685069317,0.4245472772232836,0.0574101371502898,0.0017998750772163,0.0063987364179522,0.00255944711439,0.0002775379341569,0.0001433286181769,0.0008533948854134,0.009732127260012,0.0073957413151967,0.000250843865929,0.0002360774140057,0.261993807217045,visium/denisenko_2022,SP3
3,0.2664205969469127,0.3668086079801325,0.0594666420426802,0.0164730071573814,0.010032662918856,0.0086349554302849,0.002701424272371,0.0005988762083188,0.0074760017469596,0.0131295830399313,0.0359659426802279,0.0002637399284667,0.0008581606389711,0.211169799008505,visium/denisenko_2022,SP3
4,0.1666174414712426,0.3545161147169391,0.0601666732539014,0.0017954467342411,0.0119852759734298,0.0026170459318846,0.0007208266256046,0.0001978867470333,0.0022611140513409,0.0168586468855402,0.0072234441337754,0.0004862944868731,0.0001579145078644,0.3743958744803287,visium/denisenko_2022,SP3
5,0.4687714641613989,0.0977635902372929,0.0799270795873167,0.0017921227426696,0.0081102878051977,0.0029111682746065,0.000738517046116,0.0004248007217837,0.0010400987334631,0.01926260282436,0.0030157645845958,0.0033601682550623,0.0002893197673904,0.3125930152587457,visium/denisenko_2022,SP3
6,0.8851285642043025,0.0187694842501894,0.0177320253547531,0.0045860398564193,0.0041078076801288,0.001305002200827,0.000251233655442,0.0003178826734095,0.003303123900096,0.005451737000318,0.0057173907222647,0.0002308858278261,0.0008298797274919,0.052272723434336,visium/denisenko_2022,SP3
7,0.2978947368421053,0.1905327454702166,0.1022778808077069,0.0016074400214844,0.0048533133240512,0.0035607731318193,0.0015154940223571,0.0005681317295058,0.001598162677199,0.0255337387048024,0.0058812353402692,0.0019307724065561,0.0002147179866307,0.3620308575352952,visium/denisenko_2022,SP3
8,0.5635300372142477,0.182789811393125,0.0417027268093158,0.0097301629337677,0.0075118716457849,0.0127753587637256,0.0056504361994758,0.0006974818201528,0.0135999690072494,0.0152759700421918,0.0338823435920957,0.0002284085227579,0.0008367416201447,0.1117886804359644,visium/denisenko_2022,SP3
0,0.438278117319881,0.0707646931298606,0.0611217187642637,0.0252913224128747,0.0164006685168254,0.0052113347627714,3.375125119391996e-05,0.0001387226666288,0.0072222075606227,0.013211984670339,0.0083544039644995,0.0009070616170066,0.001380382866424,0.3516836887040255,visium/denisenko_2022,SP4
1,0.6555303154333115,0.033105307471168,0.0414078199113109,0.0174507643801771,0.0096205160163822,0.0027668370957015,5.715283667347974e-05,0.0001473004663051,0.0052705813618313,0.010179097929898,0.0032305922634261,0.0006749846517664,0.0008047998807865,0.2197543035822042,visium/denisenko_2022,SP4
2,0.6459645256087321,0.0480827351923704,0.0497426548405439,0.0169498989222847,0.0173786504785457,0.0044571982707142,5.080318830850615e-05,5.919030053006973e-05,0.0091765245736993,0.0107090716852097,0.0069225989590081,0.0027258181621774,0.0007459396407991,0.1870357755675043,visium/denisenko_2022,SP4
3,0.6649633123689729,0.1109276057970302,0.048514155903979,0.0113418815146842,0.0075671738646818,0.0055058399097533,1.3379502589607522e-05,9.52288433425581e-05,0.0043795306006969,0.0087754042997945,0.0081039544660185,0.0003821558046651,0.0016560923098486,0.1277751904743197,visium/denisenko_2022,SP4
4,0.2117909663865545,0.4915283036132213,0.0647939964191781,0.0058342885829469,0.0120057776100851,0.0031706180731185,0.000467317418488,0.0001363683867748,0.0007064300239289,0.010404238822804,0.0255113071702244,0.0008164755654257,0.0005841980366509,0.172249713890598,visium/denisenko_2022,SP4
5,0.3123137505321413,0.2047402575144445,0.0573265328424585,0.0147519105159268,0.014699050879155,0.0046925951228805,6.52693250067551e-05,9.713768838687608e-05,0.0029045964692549,0.0111599258877214,0.0117178007586371,0.0004500323772009,0.0014847480963893,0.3635964303045719,visium/denisenko_2022,SP4
6,0.1848399935022741,0.1958351094214261,0.0654531556342051,0.012727811285618,0.0135255223519811,0.0046636083578211,0.0002170913788871,2.4259705513813467e-05,0.0028366042437928,0.0164162484703807,0.0077240096734103,0.0005388231899493,0.0008189615469131,0.4943788012378266,visium/denisenko_2022,SP4
7,0.7792222222222223,0.0836932540317756,0.0314299454568215,0.0048841069564612,0.0051342748214266,0.0006633951374407,1.4766609971441956e-05,2.1994058825218496e-05,0.0027708346558724,0.0030865773331215,0.0023747942201176,0.0034818410750827,0.0005569370005783,0.0826684164202823,visium/denisenko_2022,SP4
8,0.4359466374269005,0.0771729408565497,0.101594304498994,0.0257867858105428,0.0105110404661619,0.0101294834204372,4.108041132448746e-06,1.0726204739721274e-05,0.0210558896612512,0.0162033883639347,0.0242245607714307,0.0021198588002752,0.0138511453162416,0.2613901829929866,visium/denisenko_2022,SP4
0,0.1806895529394325,0.0952058843021878,0.0056479861001515,0.0026892676226081,0.002970576281672,0.0007640184814251,0.0006275169464393,0.0004217655529058,0.0005461345365771,0.0026513742135794,0.7029742380215404,0.0001607552997635,0.0003494929131022,0.0043014367886146,visium/denisenko_2022,SP5
1,0.488451509377194,0.0200378503684759,0.000569878033641,0.0002242927335273,0.0001505168461715,8.30940393382602e-05,2.86029195928372e-05,5.159913913453271e-05,0.0003957351279523,0.000182736718684,0.489747435805334,2.1479746901502065e-05,4.776545390519226e-05,7.50369014739925e-06,visium/denisenko_2022,SP5
2,0.616682895163908,0.0222042131876725,0.0006644501115829,0.000124843725562,0.0002025734628693,3.479334756756538e-05,0.0001072262265296,0.0001524568246851,0.0003498232412536,0.0001361954337138,0.3591719853256722,2.4166022058146588e-05,0.0001368840881833,7.5360328345125e-06,visium/denisenko_2022,SP5
3,0.4952310100454108,0.0866677967633511,0.0030976771158136,0.0031564829143067,0.0015471357242696,0.0005112538280669,0.0004335951419763,0.0002873344376237,0.0009150592941757,0.0007249620393488,0.4064122520458189,0.0001242407720434,0.0001874399981445,0.0007037598796492,visium/denisenko_2022,SP5
4,0.4755713587753108,0.2120720242239568,0.0101611889671404,0.0066002037353339,0.0030442214768602,0.0051828444013495,0.0039488031275856,0.0018376073445888,0.0026161908020805,0.0022034201568022,0.2702750488195691,0.0003059954673074,0.0007412159613166,0.0054398767407975,visium/denisenko_2022,SP5
5,0.8801576585520829,0.0213849644604947,0.0031961129647485,0.004649941369721,0.0043242822897849,0.004517315759122,0.0019143817027959,0.0015082335518155,0.0011980280260821,0.0018408341194416,0.0621451010184216,5.850435245032588e-05,0.0015057196455556,0.0116039557445297,visium/denisenko_2022,SP5
6,0.2638298717286844,0.2638882386267481,0.0480175406550513,0.0198959578377528,0.0080226059169228,0.0043027842262139,0.0040469975651971,0.0020799943838196,0.0002922636053285,0.0096848074706869,0.3272041686879962,0.0018264140073149,0.0006193772985906,0.0462889779896921,visium/denisenko_2022,SP5
7,0.8045812236930399,0.0541029076053938,0.0162545550544316,0.0037520412136707,0.0055018978671512,0.0060952202528847,0.0033463245941346,0.0012234850344388,0.0009347644357729,0.0037969563916605,0.0363115960231637,0.0001951597074265,1.3723141852688854e-05,0.063893237768483,visium/denisenko_2022,SP5
8,0.6184911242603552,0.0405562342947697,0.0237468338377179,0.0004601967888831,0.0013899785292604,2.712839335669297e-05,8.771966328198252e-06,0.000261060524581,0.0001880248657007,0.0039909803914209,0.2839360884054189,0.0004033932256347,0.0031768925914978,0.0233632919250743,visium/denisenko_2022,SP5
0,0.4410284212491562,0.3850097143048649,0.0134982623794682,0.025743450929948,0.0065824412195541,0.0038546084390614,0.002578787774318,0.0005328987816022,0.00207633272286,0.0040586116879655,0.0610916136008398,0.0002041347951269,0.0001367340534625,0.0536039880617713,visium/denisenko_2022,SP6
1,0.3655970215406435,0.2783987969519452,0.0329049483792034,0.0285244695126688,0.011830369074018,0.0076185058971906,0.0053544025936005,0.0016416127707473,0.0091085925860232,0.0148869773125362,0.0697003975141347,0.0001989050322394,0.0006075027866392,0.1736276014966853,visium/denisenko_2022,SP6
2,0.2120822622107968,0.1207836881381421,0.0529754019562344,0.0480780851250669,0.0153408247316222,0.0124741490432468,0.0069580063365311,0.0023837496297293,0.0057798103723278,0.0239639113579021,0.3718935653401058,0.0002198943115478,0.0008671355701163,0.1261995158766298,visium/denisenko_2022,SP6
3,0.6400965270426936,0.0374834332788159,0.0365454700516912,0.0140830389313316,0.0066345170690221,0.0091981820397908,0.0013161879097981,0.0015953311707426,0.0077550393195041,0.0215560573368089,0.1222175622860543,0.0003521643588998,0.0004017404653118,0.1007654840336521,visium/denisenko_2022,SP6
4,0.254049863304362,0.4047728198175621,0.0271126618223555,0.0978270974948259,0.0086810035520711,0.0063203545831077,0.0026755291196026,0.0011667631225441,0.0048152743370387,0.016717149130296,0.0784131557580468,0.0001526648245383,0.0003657026952533,0.0969299604383953,visium/denisenko_2022,SP6
5,0.6455766332771917,0.2994612005635981,0.0066303768632539,0.0056828704574809,0.0010674962998697,0.0011896560124931,0.0009156585386516,0.0002881038793739,0.0004482644126621,0.0008428812656682,0.0066309451613965,0.0002657401722132,4.306328612873722e-05,0.0309572822238111,visium/denisenko_2022,SP6
6,0.7690850233266685,0.0785576859400513,0.0159378422238509,0.0089806868258078,0.002915294107784,0.003176509028999,0.0013805347725076,0.0004449004821036,0.0047897408994793,0.0053007572454577,0.0097922582744796,0.0001171979401886,0.0002626808350569,0.0992617029123793,visium/denisenko_2022,SP6
7,0.2101931915556593,0.4508261843453864,0.0104468067035869,0.0259854687147163,0.0154629695877709,0.0064743852307239,0.0079865288858857,0.0010697678110702,0.0072549905235545,0.0134117145692101,0.1854926570567819,7.110994142984504e-05,0.0001422286942846,0.0651819963799387,visium/denisenko_2022,SP6
8,0.8779309807587442,0.0723925490281057,0.0036467872346588,0.0040662395446261,0.0006705698818583,0.000720592110638,0.0015845320257491,0.000526040050592,0.000437175972713,0.00124319301723,0.0063169118640521,5.242416409869087e-05,2.795381443807052e-05,0.0303887475021922,visium/denisenko_2022,SP6
0,0.2724468539685931,0.136700042165162,0.1121792934447888,0.0089528306981122,0.0247822965465032,0.0097828639486336,0.0002321227176531,0.0007417299789434,0.0083846554819597,0.0204836343859984,0.0341045223051807,0.0018244676042569,0.002099062950439,0.367285623803775,visium/denisenko_2022,SP7
1,0.668709188949069,0.0455409356282191,0.044698827148867,0.0046351110372713,0.0128283850012499,0.0050023291363061,0.0001230465944123,0.0003100301082255,0.0042731794877519,0.0080038379063353,0.0129456034791267,0.0015085256279954,0.0018714259150068,0.189550072064454,visium/denisenko_2022,SP7
2,0.8337951193173068,0.0389637057451247,0.0338103188758178,0.0023639975729258,0.0059374963991503,0.0035911606310959,0.0001213845591564,0.0004173037818108,0.0028598614884053,0.0063899192609403,0.0138130524826056,0.0008625793332715,0.001296526586728,0.0557796505488707,visium/denisenko_2022,SP7
3,0.3517593064762876,0.202950659719262,0.1066096907209575,0.0076044820158017,0.013605940091846,0.0073524052254406,0.0005835326649284,0.0009211324733175,0.0083660538687241,0.0191395634317682,0.0365979688043505,0.0014286833458464,0.0013392731084503,0.2417413080530186,visium/denisenko_2022,SP7
4,0.5282247800632525,0.0964799432774903,0.0769226620809128,0.0061995642318446,0.022965552461291,0.0092038073692667,0.000186179917717,0.0007512950748026,0.0054133640491788,0.0155331631658649,0.0289836814632646,0.0010567346857724,0.0016168203302894,0.2064624815026421,visium/denisenko_2022,SP7
5,0.3795672910762425,0.3648214686349598,0.0963136522777707,0.001854117488293,0.0023722366265044,0.0028087210505997,0.0010354043893177,0.0013861206368102,0.0022103010562805,0.0076018117689556,0.0296968644606601,0.0012424992987636,0.0003234823143426,0.1087660289204989,visium/denisenko_2022,SP7
7,0.1449362599745092,0.2060555876001633,0.1394915094419592,0.0090362173598057,0.0281285833409739,0.0125648960969992,0.000419548636291,0.0008076308312015,0.0089615210100451,0.0229195515073861,0.051831901119448,0.0019009839776367,0.0029051285790656,0.370040680524515,visium/denisenko_2022,SP7
8,0.4107551487414188,0.203150374743823,0.0764264612657975,0.0059767405603383,0.0181178873637821,0.0171755222173542,0.0002469529012813,0.0011321369229871,0.0013059859401159,0.0297428411862461,0.070473235485172,0.0010753168744556,0.0016379588152487,0.1627834369819786,visium/denisenko_2022,SP7
0,0.1177321658010948,0.4055021531783936,0.1211172615454515,0.0013517158523601,0.0094308851754198,0.0027892438503368,0.0016055495524248,0.0016151435700321,0.0063689839424453,0.0184080434101656,0.0125099048351688,0.0057227104448005,0.000977759995139,0.2948684788467663,visium/denisenko_2022,SP8
1,0.21368953082534,0.4464492681480464,0.1048225152887699,0.0002676638578822,0.0024548977814845,0.0016136710985345,0.0011309930519305,0.0010657167569278,0.0043182177479913,0.0046385086662634,0.0082664176190739,0.0036020212014924,0.0002753462433642,0.2074052317128982,visium/denisenko_2022,SP8
2,0.428440808649278,0.1445994526600082,0.0865918795970323,0.0029804123673329,0.0230600009918236,0.0066015427649555,0.0015369446759655,0.0022456074351785,0.0040867968568814,0.0126173842112854,0.0079992560653198,0.0065824812074885,0.0037169108536043,0.2689405216638454,visium/denisenko_2022,SP8
3,0.7566167331018816,0.0370307361554809,0.0434649423428992,0.0047354813864932,0.0081199299408105,0.0033773208937873,0.000870998111479,0.0005714143234701,0.0061158052949541,0.0135543385307782,0.0118190185233572,0.0011642222395063,0.0005595807601419,0.1120012586979901,visium/denisenko_2022,SP8
4,0.1673947189509795,0.4721206435570493,0.1517621534953146,0.000230710968623,0.0012729179820132,0.0008033625517123,0.0005181361474689,0.0010925126236864,0.0028278317972779,0.0063556686391138,0.0058584951887026,0.0011776562445516,0.0002570905461588,0.1883281013073472,visium/denisenko_2022,SP8
5,0.9087336749239128,0.0085432091270707,0.0226850815571594,0.0017997866870001,0.0039983012425989,0.0014501779567032,0.0002538706116139,0.0001844780984608,0.0032549519980144,0.0074267580315037,0.0063856960848518,0.000847331900835,0.000272661830073,0.0341684168373614,visium/denisenko_2022,SP8
6,0.329911248581687,0.3127667789437919,0.079769361393874,0.0012774567636901,0.0030343852011667,0.0028801118561867,0.0019116998043564,0.0013731041427616,0.0058302380981007,0.0099890691461573,0.0171033999770846,0.0019165501919119,0.0004200362989401,0.2318165596002901,visium/denisenko_2022,SP8
7,0.2176807667819004,0.3518034503839355,0.1252444850583307,0.0003250400541792,0.0047810581518283,0.0011351408581737,0.0007465052013498,0.0013198170919318,0.0039318564162307,0.0127796512103299,0.0090905894155544,0.0075080513496727,0.0010226275289477,0.2626309604976344,visium/denisenko_2022,SP8
8,0.1037103710371036,0.3282677309919133,0.1257750400332743,0.0025246327736302,0.0220717799575586,0.0063607477675933,0.0022950520738324,0.0030609708330238,0.0066726801861416,0.0280998104188805,0.0193730056722344,0.0048678448025163,0.0016765078324997,0.3452438256197973,visium/denisenko_2022,SP8
0,0.2624382314694408,0.6707246218241799,0.0239027284708345,0.002806201427393,0.0054857157260791,0.0040991928229579,0.0003334672732988,0.0004167539771275,0.0028512991176043,0.0047221718750193,0.0132450961637842,0.0003969468882373,0.0005814082737632,0.0079961646902793,visium/yamamoto_2025,Pt1-1
1,0.8254138403683269,0.0469429804509673,0.0245046222738465,0.0053198795305771,0.0081633385569609,0.0060145866588937,0.000418176639472,0.0001794304279231,0.0041496785443298,0.0072950089348207,0.0157978718585542,0.0018856868946355,0.0007480846898208,0.0531701475042043,visium/yamamoto_2025,Pt1-1
2,0.1342776250596698,0.625021563857652,0.0682679614662465,0.0073492193880311,0.0215025284797262,0.0127643895034376,0.0004657258700516,0.0009619812224775,0.0057252785157898,0.0144679508037696,0.0370286447864509,0.0026844434619443,0.0022086646370022,0.0672740229477503,visium/yamamoto_2025,Pt1-1
3,0.5301622065567039,0.2990305065276633,0.0556374340152593,0.0060536367344449,0.0114303549982843,0.0107952577311715,0.000722139656893,0.0004557276564539,0.0031018156277733,0.0099318427573612,0.0280005518551972,0.0017478370375983,0.0009772193061523,0.0419535397144815,visium/yamamoto_2025,Pt1-1
4,0.4545220709069864,0.4744644942531885,0.0274358371183331,0.0025415075995282,0.0066754363937095,0.005454539490533,0.0002813865645154,0.0002824834667469,0.0025179230884137,0.0043010515251097,0.0110137962725387,0.0003372667962742,0.0005885492094688,0.0095836573146531,visium/yamamoto_2025,Pt1-1
5,0.3633567227528665,0.4709411894773545,0.0447386392642601,0.006535410081878,0.0154650918655846,0.0199611552809924,0.0018699091564789,0.0008112416776518,0.0109648287350921,0.011055701319638,0.034722276545335,0.0010758567877762,0.002178731053164,0.0163232460019272,visium/yamamoto_2025,Pt1-1
6,0.4162013309875315,0.4123013157885311,0.1059773172908957,0.0031679629105571,0.0082961068023579,0.0057121018396626,0.0005072788846746,0.0002164659498753,0.0040568170369824,0.0070203868255173,0.0236028973028076,0.001626282943727,0.0004340719324759,0.0108797370338147,visium/yamamoto_2025,Pt1-1
7,0.167555266579974,0.4741556888729299,0.1694591571264744,0.0092893600347489,0.0244002254743092,0.0160984642336551,0.0016692408763228,0.0008030924312509,0.0023168962539651,0.0232822424299412,0.0387902046486522,0.0086450484456519,0.0187673656220183,0.0447677469701052,visium/yamamoto_2025,Pt1-1
8,0.0794461867972156,0.5162817547022116,0.0916128426847304,0.0150571410552219,0.0333457140847081,0.0175912527923527,0.0014942785681986,0.0006119347028483,0.0044520223496268,0.023583068922878,0.0452058614826921,0.0043675830166829,0.0016778895470689,0.1652724692935634,visium/yamamoto_2025,Pt1-1
0,0.8595002466395362,0.0133822973429843,0.0298187448917576,0.0109027145726289,0.0018668248494508,0.0005897586510763,3.25390665803569e-05,8.192663939436477e-05,0.0007857325538419,0.0038879752893345,0.0082578591551008,0.0005830081018643,0.0001556579841659,0.070156601054736,visium/yamamoto_2025,Pt1-2
1,0.838507625272331,0.0121302555106235,0.0213812002319716,0.0154965959188675,0.0017737513819514,0.0011187458533247,3.961531372166512e-05,0.0001218755546013,0.0007416190262345,0.0048754617936625,0.0181291225695732,0.0006418524352926,0.0009932087850427,0.0840504036861344,visium/yamamoto_2025,Pt1-2
2,0.2179277693983576,0.0722783755814847,0.0674799622157075,0.0677248215062932,0.0036391498295524,0.0122242495202974,0.0003498973064355,0.0004399227292363,0.0063450727900676,0.0248749400312315,0.2536488597359959,0.0010408246034507,0.0163714338197129,0.2556547209321762,visium/yamamoto_2025,Pt1-2
3,0.4158868092691622,0.1420145535499498,0.058504397222752,0.0891500775914208,0.0026219229301826,0.0046137197734798,3.206177789552353e-05,9.800770709654048e-05,0.0030878839407212,0.0137969331850324,0.1046314549670942,0.0012250944779177,0.0117323681025379,0.1526047155047567,visium/yamamoto_2025,Pt1-2
4,0.6566036983899249,0.0490348116326334,0.0461024805728829,0.0347933441476397,0.0033558600783759,0.0043082896503033,7.282847166277581e-05,0.0001600922797167,0.0032193744347502,0.0094665140869721,0.0572036639957927,0.0014599597503855,0.0079305118213799,0.126288570687579,visium/yamamoto_2025,Pt1-2
5,0.0809491978609625,0.2648931544666956,0.0704951478526541,0.13017552341275,0.0062694641533133,0.0143293273039902,4.001514972755537e-05,0.0009750565650489,0.0070834614685,0.0304945545470632,0.1223265778884564,0.0015168240281515,0.0168478241988161,0.25360387110387,visium/yamamoto_2025,Pt1-2
6,0.724217571644042,0.0484804496753608,0.0245915877977283,0.0563589424100966,0.0012412051379307,0.0050201748134237,0.0006949807637145,9.29953935179694e-05,0.0046630168927695,0.0040428370026191,0.0507193080224855,0.0007035693723214,0.0048633871045334,0.0743099739694556,visium/yamamoto_2025,Pt1-2
7,0.8230936819172112,0.0162852090398481,0.0257348304129135,0.0125221165271618,0.0033881042054384,0.0072071968239512,0.0007338315020723,0.0001375803093838,0.0135830281404546,0.0072468628871645,0.0199890990032471,0.0005025996346924,0.0046957419164061,0.0648805621244985,visium/yamamoto_2025,Pt1-2
8,0.4665467250730077,0.0611135384923538,0.0711008756919331,0.05268349893123,0.0052929384185367,0.0066896512437333,0.0002040559437749,0.0001386455023368,0.0038137748565899,0.0204663100219967,0.1003024822790981,0.0010647965250447,0.0075960450761256,0.2029866619442377,visium/yamamoto_2025,Pt1-2
0,0.8283713631624767,0.0309491074572334,0.0182003355900291,0.0044775737297765,0.0037765577630944,0.0033796035758582,0.0012595725220995,0.0005389893436892,0.0024878239578622,0.0041440314099011,0.0339646466558411,0.0026243739718097,0.000587184972699,0.065239999783116,visium/yamamoto_2025,Pt1-3
1,0.5666473485946103,0.0596138807677726,0.0741415083581835,0.0138985301716973,0.0075822691453344,0.0044850500000666,0.0015503214150116,0.0008338409449994,0.0023896145132233,0.0109902852303894,0.0807179759746532,0.0152047268812087,0.0004559172434534,0.1614887307593955,visium/yamamoto_2025,Pt1-3
2,0.4154900826727452,0.2200847536855606,0.0307306009132154,0.0030630383543779,0.005364828445428,0.0097794214855128,0.0020944561063496,0.0015576277433264,0.0007540559079786,0.0073033084306114,0.1779106309890752,0.0083404081118298,0.0005031717723141,0.1170236153816742,visium/yamamoto_2025,Pt1-3
3,0.706396259761096,0.0444520458777358,0.0538317168833108,0.0077422347603385,0.0066494734775502,0.0032544048307812,0.0013701705563197,0.0006539281048156,0.0013691216426126,0.0064658053569825,0.0464433064377174,0.0132154230743971,0.0008991417101665,0.1072570506286684,visium/yamamoto_2025,Pt1-3
4,0.5265296711531255,0.082174568169039,0.0484975596389086,0.0047605583642247,0.00471267712768,0.0062221976257919,0.0030847802818635,0.0017815220682165,0.0008052906276365,0.0073103521025588,0.169022052969668,0.0073601051406648,0.0002494793397987,0.1374891853908226,visium/yamamoto_2025,Pt1-3
5,0.1626723140061033,0.2129584667672825,0.0349370785877876,0.0019481819836558,0.0137203771708283,0.01196993684237,0.0044845533105934,0.0007872156657514,0.0003403633978664,0.0083439934336067,0.3969917842249955,0.0073879439843092,0.0002017878016824,0.1432560028231669,visium/yamamoto_2025,Pt1-3
6,0.9216328102435738,0.0339663154082458,0.0127026780317467,0.0007732509944499,0.0006641544624404,0.0008776149962481,0.0004667259727591,0.000174256089925,0.0004560524436368,0.0007781850302294,0.0061118770696656,0.0029820687400126,0.0001246030964622,0.0182946201865615,visium/yamamoto_2025,Pt1-3
7,0.0550527903469079,0.1610766443882758,0.0276758335743576,0.0014864379459721,0.004005766299267,0.0103846043074116,0.0042134879904583,0.0018781767242452,0.0007528580300736,0.0092051037794462,0.5828272599032946,0.0044512451028153,0.000226950605663,0.1367628410018111,visium/yamamoto_2025,Pt1-3
8,0.459376571141277,0.1448882398159961,0.0504961367985498,0.0057801122706338,0.0129388492584365,0.0083610575734318,0.0024965288823046,0.0006670851361019,0.0017119291393424,0.0114038357594152,0.1279342380364528,0.014230372208353,0.0001156243417612,0.159599419637943,visium/yamamoto_2025,Pt1-3
0,0.4169438490156947,0.4717008577038309,0.0193256025506086,0.0006739989100666,0.0011530851804637,0.0008413949435792,1.2463579497323807e-05,3.671624568597792e-05,0.00080874226673,0.0051943114629101,0.0069438681429383,0.0003234915758836,0.00026494912946,0.0757767094532927,visium/yamamoto_2025,Pt1-4
1,0.8248977505112475,0.0498022157807132,0.0153429769986772,0.0060120897034003,0.0023674555927816,0.0025868732023281,2.434016449400045e-05,9.051887493337624e-05,0.0025147861664,0.0043151627295021,0.0078496543939629,0.001472485943698,0.0021063870039004,0.0806173670365247,visium/yamamoto_2025,Pt1-4
2,0.910881901840491,0.0208353442592207,0.0064829403232347,0.0031772155150948,0.0006833660023442,0.0024656594956052,0.0001293838126239,5.730690410047036e-05,0.0019314670568866,0.0026535532194302,0.0029852831431456,0.0001801475122275,0.0009839955108474,0.0465555854047473,visium/yamamoto_2025,Pt1-4
3,0.6819304862619656,0.1973857672399618,0.0172068075577036,0.0020576712024185,0.0012151603967461,0.0015432552827485,2.2792655192649227e-05,2.9519939639847985e-05,0.0013079346131019,0.0073267139256426,0.0042172872066681,0.0006270165643445,0.0006143172955968,0.0845153865897864,visium/yamamoto_2025,Pt1-4
4,0.212141199656696,0.7005001674981878,0.0191982400369503,0.0004237774216211,0.0011656537447008,0.001492241884777,4.846579044991593e-05,0.0001351517232527,0.0014020279553148,0.005068256713716,0.012539772880918,0.0006002350686255,0.0002446476415652,0.0450401619832242,visium/yamamoto_2025,Pt1-4
5,0.1836029001673174,0.4604731215524035,0.0322408733382517,0.0068583720243029,0.0064604210045524,0.0032704242028292,4.119489024162523e-05,0.0001290424166329,0.0037692586932722,0.0228931901031506,0.0081711619403543,0.0006026682149934,0.0013424639927307,0.2701449074589667,visium/yamamoto_2025,Pt1-4
6,0.6048398091342877,0.3459600901729249,0.0030580264637208,0.0010884427301017,0.0011080846485944,0.0007589566144148,5.037221530199908e-06,4.590881284677144e-05,0.0012836636161662,0.0022506440224821,0.0065079931752761,0.0001729493661774,0.0002259217193167,0.0326946945243817,visium/yamamoto_2025,Pt1-4
7,0.0301894851285237,0.8259214361903415,0.0195207323259983,0.0012197449477255,0.0021004858360121,0.0010010373502056,1.0546011491476004e-05,7.202677369609109e-05,0.0013211310257439,0.0096252053162228,0.0059519038021189,0.0006929641698705,0.0005766826685022,0.1017966184535465,visium/yamamoto_2025,Pt1-4
8,0.8369602963305938,0.0467146559513836,0.0130553727895723,0.0048160752610502,0.0008975485139319,0.0007238292561586,1.677971075863045e-05,2.5526411401482677e-05,0.0009061854196444,0.0043519783209834,0.0006421536189972,0.0002045403623803,0.0001788221209592,0.0905064246114295,visium/yamamoto_2025,Pt1-4
0,0.4403509290166307,0.1473721135575224,0.0503229776641515,0.0178833815786349,0.0010767608413003,0.0045719683647845,0.0001146346010346,0.0003701216672176,0.0062396507800923,0.0345387605888979,0.0364911463742614,0.0009111169539835,0.001568244271075,0.2581881937404126,visium/yamamoto_2025,Pt2-1
1,0.3457600858113343,0.3600451703014742,0.0235661047631809,0.0102570521149103,0.0019164073884146,0.0019201523517891,5.096821648593384e-05,0.0003273313612606,0.0019531356490209,0.0148907291371139,0.0359623993879509,0.0002697875023628,0.0003947725286337,0.2026859034860671,visium/yamamoto_2025,Pt2-1
2,0.8676266841215295,0.0619683340140603,0.0049480613633083,0.0020668599689542,0.0003751292183362,0.0012526785227791,0.0001834423136617,0.000144786833908,0.0012636718394749,0.0045110161523944,0.0069771052106352,0.0004930830772216,0.0004630826672431,0.0477283927388207,visium/yamamoto_2025,Pt2-1
3,0.6197551081171611,0.270252008401469,0.0113046619392556,0.0010947483346035,0.000764717148141,0.0039579557382252,0.0004368300797325,0.0002539275992551,0.0012617531762313,0.0043154136608379,0.0412381772708334,0.0004195252372134,0.001444621564739,0.0435007683387994,visium/yamamoto_2025,Pt2-1
4,0.1592631001037028,0.6687948635661027,0.0237584821128358,0.0123929384906744,0.0017205391422549,0.0010734131874755,0.0001292606287738,0.0004158243779593,0.0007328810247822,0.0086789989488177,0.0526097535405563,0.0001580455039822,0.0001872153518106,0.0700846840202708,visium/yamamoto_2025,Pt2-1
5,0.863855421686747,0.0170287020896168,0.0070128159457687,0.006487767623722,0.0001425420561879,0.0007083510530196,7.289216837916318e-05,0.0002149919457841,0.0029449192201946,0.0105556235263915,0.0069806539754485,0.0004515050177247,0.0003627040638729,0.0831833987837682,visium/yamamoto_2025,Pt2-1
6,0.1615524560339599,0.4226946497996284,0.0202479160772386,0.0007054708223654,0.002074659696243,0.010305078592765,0.0046527760355397,0.0004662017642443,0.0011915499210912,0.014197417723468,0.281721918347272,0.0004202079043141,0.0040895985663532,0.0756800987155164,visium/yamamoto_2025,Pt2-1
7,0.5590596688534833,0.0297584574960671,0.0405929502822416,0.0176173043257464,0.0005013710611163,0.0037168712962565,6.352323769381143e-05,0.0001807483372259,0.0117722330548076,0.0414094878029818,0.0261095563777675,0.0020646626203963,0.0019059977016077,0.265247319067759,visium/yamamoto_2025,Pt2-1
8,0.6689003436426117,0.2331734889413849,0.0074983369133454,0.0041232234893208,0.0006431388869975,0.0007513928220068,0.00010973917022,8.115785208433387e-05,0.000423863205244,0.0038330778234482,0.0153322268975675,0.0001290391598282,0.0003965447922121,0.0646046764037276,visium/yamamoto_2025,Pt2-1
0,0.5945165945165944,0.0330856827121547,0.0773946967076225,0.0229789336880702,0.0017688888590233,0.0012628192962493,8.294064212011953e-06,7.530055979739129e-05,0.0058214053544273,0.0162152292219304,0.0140861396841119,0.0074034684579466,0.0009311661730224,0.2244515105749667,visium/yamamoto_2025,Pt2-2
1,0.8259465228625995,0.0186947920056853,0.0260320311304033,0.0111913311774317,0.000678927782864,0.0014173502120992,1.1908805269631032e-05,4.868427972887559e-05,0.0057568926689634,0.0050814156640533,0.0065582207952785,0.003284819374363,0.0022400523777104,0.0930598415612235,visium/yamamoto_2025,Pt2-2
2,0.348343685300207,0.0426453159534827,0.1270259713947858,0.03618987492338,0.0018787503009478,0.0057277447192538,8.137302793398816e-06,7.669454495024005e-05,0.0140898277409132,0.0241654667390556,0.0356971189319533,0.0088455317974815,0.0185868040765896,0.3367190762742054,visium/yamamoto_2025,Pt2-2
3,0.5776268115942028,0.1106859571365765,0.0542780614482716,0.015456530739007,0.0006877519187006,0.0057290516340947,7.1759046318212685e-06,7.880983727217859e-05,0.0111780027092425,0.0111340376484008,0.0106472843864188,0.0032434596530676,0.015816680086382,0.1834313436370636,visium/yamamoto_2025,Pt2-2
4,0.6515647973114891,0.0191658463532732,0.0621976308674061,0.022165539054624,0.0014195933902555,0.0017666581060793,1.0905709855904842e-05,2.6398802679876092e-05,0.0058981564515999,0.0126361515291778,0.0172619259156782,0.0058520235383709,0.0048384002752827,0.1951964074768356,visium/yamamoto_2025,Pt2-2
5,0.628741184963074,0.1331251257525449,0.0436424677392788,0.0116987888475333,0.001535135805221,0.000695773799801,2.8046469421026693e-06,0.0002140730986796,0.0019817998171119,0.0080904393090291,0.0082831266212717,0.0025843413849941,0.0021892758374363,0.1572160072046677,visium/yamamoto_2025,Pt2-2
6,0.3682734719596723,0.2532402146348192,0.0517237884797349,0.0171125677403318,0.0021075202063047,0.0007704356007833,3.929660039094698e-06,0.0002136063531173,0.002819646745334,0.0142128880935552,0.0077932824731119,0.0031157110664819,0.0014679225311595,0.2771450144555542,visium/yamamoto_2025,Pt2-2
7,0.2002760524499655,0.5926743597298612,0.0232874954329832,0.0071473033330141,0.0013747597170962,0.0008518472201662,7.996427157394108e-06,0.0002781430215619,0.0007905191841061,0.0063636282463978,0.0185460129984601,0.0006443012676235,0.0026107973434621,0.1451467836281441,visium/yamamoto_2025,Pt2-2
8,0.4876103614859235,0.220729296943656,0.0478629324798456,0.0097007916406336,0.0016333010062745,0.0009132325080127,3.723168847724242e-05,0.0001520165295761,0.0016602976503895,0.0132873382411229,0.006275212717708,0.0023185910395342,0.0016899248121011,0.2061298160843303,visium/yamamoto_2025,Pt2-2
0,0.8627549936251595,0.010785288876359,0.0207520412844914,0.0037853812862445,0.0008351901365475,0.0081355856821384,0.0021301004561485,0.0012158095765802,0.007098298077856,0.0077718231971196,0.0312622715315294,0.0040561840644306,0.0013644579237308,0.0380543698617742,visium/yamamoto_2025,Pt2-3
1,0.4737413614932507,0.2011435570797183,0.0192345108674593,0.0096290035415199,0.0003841703331319,0.0276481927187768,0.0014222843928631,0.0019510845588406,0.043828523846973,0.0206721762733697,0.0897191557177155,0.0002428337194113,0.000395502348196,0.1099876431087733,visium/yamamoto_2025,Pt2-3
2,0.4273146658083897,0.0376403081691016,0.0899915481233102,0.0179296465816229,0.0003018037647278,0.0319782746242295,0.0027760319262895,0.0051672622713304,0.0789553375890238,0.0273106040952416,0.0897716282113403,0.0011697989512965,0.0081264462132046,0.1815666436708909,visium/yamamoto_2025,Pt2-3
3,0.3198039940828401,0.0439455833502102,0.1511804392745731,0.0145674804354445,0.0002670832506868,0.0324908650136757,0.0025307500495412,0.0068685260892848,0.0389085417133863,0.0425591155061799,0.1523631419542425,0.0159584748990022,0.0063471485975659,0.1722088557833658,visium/yamamoto_2025,Pt2-3
4,0.8261838868388685,0.0308844272391784,0.0167819734181385,0.005702245445451,0.0007698812840067,0.0073264859979432,0.0009866606078353,0.0006364980790392,0.0188422944446202,0.0096871130820313,0.0180897651154346,0.0008815284159474,0.0008601540700775,0.0623678977695456,visium/yamamoto_2025,Pt2-3
5,0.7974495627111906,0.0077238163710276,0.0506715039826774,0.0056618494037693,0.0002199187334984,0.0043423772777878,0.0005480696586549,0.0009158984968249,0.0077026205255321,0.0101603466411268,0.0395782929349801,0.0069807044947571,0.0058416561644855,0.0622040415184155,visium/yamamoto_2025,Pt2-3
6,0.0302896848698375,0.4074019204727029,0.048063770077137,0.0218237575101654,0.002743537124593,0.043531055814439,0.0024609792719199,0.0037056774675843,0.0623993672912794,0.0346479483703115,0.1730784398943706,0.0014590925367082,0.0025055559153536,0.1658892133835969,visium/yamamoto_2025,Pt2-3
7,0.6022917714094185,0.0618223483023183,0.0340452132242771,0.0129945852582922,9.13765461406512e-05,0.0170662617553234,0.0029283630377958,0.0037023554626095,0.0421071292940648,0.0170437858019006,0.0986481212239209,0.0004370253828361,0.0049810295367396,0.101840764483316,visium/yamamoto_2025,Pt2-3
8,0.4336939102564103,0.0900580432132829,0.0674839817759531,0.0203179560448507,0.0001457531116482,0.01189551587416,0.0008094349250681,0.0055344982787567,0.0587015939602476,0.0220841363767936,0.0875504008805904,0.0001819348699252,0.0118669267086272,0.1896759137236852,visium/yamamoto_2025,Pt2-3
0,0.2410080281914048,0.2421304547176754,0.1504860536342147,0.0140872035274129,0.0056226656644316,0.0016691278896672,0.0001061532572333,0.0002998564519901,0.0110227657667495,0.0244444960736261,0.0243572850609526,0.0177758013390642,0.000818976087124,0.2661711323384529,visium/yamamoto_2025,Pt2-4
1,0.7846351442987346,0.0576202164299354,0.0179882247957462,0.0071748505959291,0.0033886286237218,0.0012269197052921,4.765343561276254e-05,0.0001661470363069,0.0026078699347598,0.0064999041880213,0.0036795544124945,0.0008409402518943,0.0012230480956155,0.112902529673862,visium/yamamoto_2025,Pt2-4
2,0.7374189121756487,0.0576247168536666,0.1050342758285392,0.0078745804812657,0.0005263226796021,0.0004191793050774,9.27733471662719e-05,0.0002078538750367,0.0041194306072093,0.0029769907543113,0.0091658902735477,0.031942594704252,0.0005887665569133,0.0420079208910963,visium/yamamoto_2025,Pt2-4
3,0.6211213935764833,0.1205241848074591,0.0489600602042727,0.003797199061639,0.0062426872804808,0.0006262166933723,2.2392481444610604e-05,7.956490547014178e-05,0.0037918965227533,0.0092889955115551,0.0025979816655326,0.0082624707144805,0.00020914024131,0.1744759137363429,visium/yamamoto_2025,Pt2-4
4,0.2116109507603498,0.4240632320179143,0.081332707771019,0.0021798106424506,0.0129515292823364,0.0008065140001216,0.0001119376349965,0.0001395967663556,0.0021358176382078,0.0195747712058546,0.0121594440225618,0.0046877851972331,0.0004008184625689,0.2278450845980292,visium/yamamoto_2025,Pt2-4
5,0.0720844026233247,0.516732403390395,0.098668849632421,0.0008569866815639,0.0192975245541294,0.0012869371185083,0.0002481883171207,0.0001647685504248,0.0014937241917429,0.0247243599748965,0.0169247995066482,0.004379478640765,0.00022786778949,0.2429097090285689,visium/yamamoto_2025,Pt2-4
6,0.7292156427884972,0.0851016836151163,0.0309330177727869,0.0051545478494287,0.0021411970612221,0.0023688558754121,7.01310545473227e-05,0.0002417416365137,0.0051219970195855,0.0096479895428086,0.0154265051705274,0.0037776410013495,0.0013558836637191,0.1094444005163861,visium/yamamoto_2025,Pt2-4
7,0.5447447210841475,0.1741062625039851,0.0376502683914926,0.0151862093506207,0.0059920825011972,0.0047252185799288,0.000125003964612,0.0004143593232756,0.0054959196436639,0.0143377828621082,0.0171326173663419,0.0020409571608121,0.0021521343033362,0.1758966734907932,visium/yamamoto_2025,Pt2-4
8,0.8292451793660387,0.0371449955657091,0.0423135430515121,0.0062488495439148,0.0020395484653122,0.0012825148252246,0.0001011457728255,0.0001730256815224,0.0040696880757493,0.0034633905003273,0.0032861411881343,0.0108697187870691,0.0007149793254232,0.0590488394842642,visium/yamamoto_2025,Pt2-4
0,0.3013723544973544,0.1333685942064914,0.1017869475252932,0.0123896967273432,0.0282722939386424,0.0037613095227964,0.000498734918095,0.0005176690223313,0.0069185229008895,0.0336947387522469,0.0458390692436176,0.0002197998625309,0.0008921601514103,0.3304681087309568,visium/ju_2024,CPS_OV19_LtOV1
1,0.6084472846377609,0.0834699643753019,0.0447664946281186,0.0111479627988948,0.0220223972164316,0.004036936403821,0.0007986527133397,0.0004752857183596,0.0051444552695895,0.0140959215558607,0.0333415730798819,0.0001097380907411,0.0007417768913373,0.1714017384387425,visium/ju_2024,CPS_OV19_LtOV1
2,0.3846972369194591,0.2617536527797904,0.0474404751904915,0.029424586873163,0.0116098423838367,0.0041782478167708,0.0011249062659296,0.0006507297489779,0.0020371286587553,0.0115695219520598,0.0829860073007762,6.400884735976741e-05,9.816157902521556e-05,0.1623656603502709,visium/ju_2024,CPS_OV19_LtOV1
3,0.5873451629845214,0.0443378667182378,0.0722619496995231,0.0133300501805463,0.0281290471215996,0.0051153563327829,0.0011005831543272,0.0004132202451313,0.0071924356986695,0.0185050995797537,0.0471822947652249,0.0002936393219845,0.0006253222476029,0.1741686871646585,visium/ju_2024,CPS_OV19_LtOV1
4,0.6929285294364659,0.0491324570432285,0.0512099967500865,0.0064646340264612,0.014294465039613,0.0027488533152487,0.0008394207744292,0.0004164881616737,0.0046023235346032,0.0103471555425019,0.0405469148297568,0.0002347943231207,0.0002683590360189,0.1259670462820293,visium/ju_2024,CPS_OV19_LtOV1
5,0.2185964064136653,0.4292633689036998,0.0711350616939866,0.0059953839963744,0.0092433104731961,0.0060890205791066,0.0008310267017213,0.0006583530197223,0.0020726196137946,0.0131944920922814,0.0604003438943829,0.0001066259425969,0.0001729948982202,0.1822409917772507,visium/ju_2024,CPS_OV19_LtOV1
6,0.6401667059841157,0.0604762951903478,0.0636179595947465,0.0082852356667926,0.0193847804268269,0.0035930207247011,0.0009748759203008,0.0003397456118563,0.0064245505548179,0.0142582862418617,0.0298582891677702,0.0001586093127319,0.0002628734313799,0.1521989632545523,visium/ju_2024,CPS_OV19_LtOV1
7,0.225572305974316,0.1129950024887353,0.1229844550777818,0.0198902274702548,0.0372317545242347,0.0036147590174652,0.0005557191757794,0.0001938122642123,0.0110286309526637,0.0340345741146396,0.0345432611779749,0.0002184050184844,0.0006652392280621,0.396471853515395,visium/ju_2024,CPS_OV19_LtOV1
8,0.3963256907701352,0.0677304993903188,0.0543067733710599,0.0181523232970387,0.0431979397621542,0.0023287432497906,0.000750287191633,0.000434399832353,0.0023960510670765,0.0167151536279192,0.0414747719188211,0.0001019257726782,0.0001936984379719,0.3558917423110488,visium/ju_2024,CPS_OV19_LtOV1
0,0.6048779475688069,0.034397782559458,0.0755581058921993,0.0148982958951487,0.0155056265297852,0.0173062412925604,0.0058996070159438,0.0025066983946075,0.0154427255941987,0.0206801020324663,0.0162695902664207,0.0153866977474432,0.0024904974510637,0.1587806329409991,visium/ju_2024,CPS_OV1RtOV3
1,0.646225900675857,0.0388364543863717,0.0356118257491502,0.0145239490052142,0.0106876284189808,0.0093252694330999,0.0034039703825989,0.0020627418492986,0.0079235463902614,0.017411089039037,0.0287855940149676,0.0112894404741149,0.0045949963621075,0.1693180412462329,visium/ju_2024,CPS_OV1RtOV3
2,0.5660108167915038,0.2870684177047902,0.0378834200589864,0.0056077152906067,0.0026533811716331,0.0098485366430575,0.0053071309097572,0.0031329504873159,0.0021629538509537,0.0072845121943186,0.027768354008614,0.0014529079368701,0.0010621364660153,0.0427567664855766,visium/ju_2024,CPS_OV1RtOV3
3,0.6158468745425267,0.0422236198827214,0.0522022021352302,0.0166011603779704,0.0100603274894245,0.0109631899940155,0.0077384355212604,0.0024406568846314,0.0157535031011039,0.0232859651370162,0.0128293395068902,0.0112485049477488,0.0024151984332569,0.1763916146387956,visium/ju_2024,CPS_OV1RtOV3
4,0.762713684480074,0.0192148127507088,0.028630958711293,0.0095734916626118,0.0043514447993431,0.0040472709702939,0.0008998295607367,0.0010057420389937,0.0052565005601929,0.0109009067099286,0.0063722707869857,0.0142540792931843,0.0025874406413598,0.1301936046518478,visium/ju_2024,CPS_OV1RtOV3
5,0.7591227368950867,0.0163191067002916,0.0221733041617385,0.0089518019555861,0.0041412520076424,0.0047592565709888,0.0005741950382842,0.0003004105271407,0.0016563082682357,0.0058777257117812,0.0053208908781314,0.007349942700464,0.001484536204923,0.1619690379976826,visium/ju_2024,CPS_OV1RtOV3
6,0.5238590102293083,0.055505641654389,0.0723302709645578,0.0214875927123181,0.0149285882090583,0.016428198145041,0.0038954028607987,0.0020413800041559,0.0109496076091639,0.0260203715457855,0.0095745302150616,0.0142619389964613,0.0021599588371854,0.2265575080167146,visium/ju_2024,CPS_OV1RtOV3
7,0.5657603705034534,0.0725329248949733,0.0557345037283402,0.0212717689106833,0.0092017884430831,0.0324241812180885,0.0064640936806699,0.003594659658435,0.0077934020986244,0.0229468443016567,0.0311142052785148,0.0182810406368084,0.002960746725364,0.1499194699213043,visium/ju_2024,CPS_OV1RtOV3
8,0.5826149201705517,0.0377569922923575,0.0889776573186092,0.0104147931362166,0.0178242054161779,0.0160188551643257,0.0037573915975507,0.0015793986413633,0.0156503160485257,0.0172678106232618,0.0065728651844192,0.0098201288922777,0.0050297882267481,0.186715507208874,visium/ju_2024,CPS_OV1RtOV3
0,0.5090566070393161,0.0571679473910036,0.0823594402472033,0.0163660449188927,0.021355117184691,0.001675048931412,0.0002463142947396,0.0002262722002524,0.0142325491620067,0.0210518393994236,0.0363266773894755,0.0003965393259913,0.0006663240172198,0.2388732784983719,visium/ju_2024,CPS_OV20RtOV4
1,0.704212706182208,0.0550169123560551,0.0513091784349782,0.0096184543248337,0.0083291336405962,0.0019140887443734,0.0002812615904644,0.0003411148070562,0.0049992507948921,0.0090261181836871,0.0149383259776889,0.0003939774303199,0.0002587173513063,0.1393607601815398,visium/ju_2024,CPS_OV20RtOV4
2,0.589160652561229,0.0511303507652501,0.0709040173543994,0.0149579313028943,0.0538272152434948,0.0022212646381726,0.0005632875486021,0.0004545535422691,0.0187153740640692,0.0166481810466281,0.0585089109964998,0.0002519999575795,0.0006466060671596,0.1220096549117515,visium/ju_2024,CPS_OV20RtOV4
3,0.1622184320414045,0.0899198187656235,0.1435351914741262,0.0401900214516594,0.0342774748853855,0.0068142842228252,0.0009617118222661,0.0006265309599171,0.0326084836029463,0.0404034392232968,0.0541803479739116,0.0007715477150371,0.0007115405351301,0.3927811753264699,visium/ju_2024,CPS_OV20RtOV4
4,0.8694691618194343,0.0135452554592277,0.0171927445008767,0.0047064666780108,0.0021699370480057,0.001455058738468,0.0002209111391254,0.0001169276357127,0.003028382026785,0.0043713469982695,0.006223666198358,0.0004876506011295,0.0001857451223215,0.0768284433468628,visium/ju_2024,CPS_OV20RtOV4
5,0.489811784626907,0.1008820119685176,0.0801321600015314,0.0157377513908903,0.0364977017610875,0.0021783301445896,0.0004301759887846,0.0004398564645715,0.0110741300785184,0.0139743125685572,0.0338749691822581,0.0006881719588561,0.000739248456861,0.2135393954080689,visium/ju_2024,CPS_OV20RtOV4
6,0.8822239403950234,0.0033656994472394,0.0170995417929381,0.0081379726203362,0.0044238757408721,0.003145028633543,0.000538090927653,0.0001864938960259,0.0041233361003239,0.0026592792672705,0.0140689657726662,0.0009439206804495,0.0019383445598611,0.0571472174828699,visium/ju_2024,CPS_OV20RtOV4
7,0.2992740670484808,0.3779570878958365,0.0318958294456403,0.0260884724074434,0.0379407099239174,0.0072640069067136,0.0025326011500182,0.0009029493180555,0.0102589471195289,0.0123454806179727,0.0561632193762826,0.0001494685063293,0.0004304797222006,0.1367966805615796,visium/ju_2024,CPS_OV20RtOV4
8,0.5293852065321807,0.0581587196430882,0.1013376444421137,0.0189079782721001,0.0462179809878993,0.0035181897061882,0.0002357124802325,0.0003162092343948,0.0294613467943475,0.0260411932689482,0.033734859679508,0.0001446031290495,0.0006787681286016,0.1518615877013471,visium/ju_2024,CPS_OV20RtOV4
0,0.7707685908905422,0.0142853682089259,0.0415237580788575,0.0082820505632652,0.0131923726929211,0.0027792144785529,0.0002163038580058,0.0008140077433406,0.0086779682415404,0.0087017331667139,0.0127089497802828,0.0011694577265475,0.0006662516758136,0.1162144708621695,visium/ju_2024,CPS_OV24RTOV4
1,0.743534390063953,0.022733289789661,0.0349427257768667,0.0122955246267715,0.0214726482501815,0.001002896248554,0.0001201611689259,0.0009297923375865,0.0044740679637674,0.009604917983243,0.0331224688090004,0.0004582004302067,0.0002324075287608,0.1150770874286906,visium/ju_2024,CPS_OV24RTOV4
2,0.7662749329415995,0.0312195409314159,0.0367679944051484,0.0110109373150766,0.0140374670851091,0.0027393503797371,0.0002803812361723,0.0007155271718771,0.0052404202438764,0.0080520872234047,0.0228424497904199,0.0003962173310709,0.0009608732835924,0.0994629486076268,visium/ju_2024,CPS_OV24RTOV4
3,0.0887532863092944,0.1052884912719157,0.1186709424629622,0.0449542644497394,0.0510982554937419,0.0042547581849443,0.0004301907352621,0.0027182786853677,0.0236968256636285,0.0363206479378982,0.0514643793688858,0.0010626898962246,0.0007414510973101,0.4705455384428244,visium/ju_2024,CPS_OV24RTOV4
4,0.7352170630080369,0.0347157045587691,0.0269973728902733,0.01482534487309,0.0157955096537332,0.0016676696193649,0.0001802485768934,0.0011097199680163,0.0066607382913298,0.0180069267360415,0.0214497079225995,0.0004026071446723,0.0002190391151556,0.1227539390909547,visium/ju_2024,CPS_OV24RTOV4
5,0.3175193445463716,0.1556478400873677,0.0780744454162023,0.0278145359615463,0.0181980427513021,0.002921835157825,0.0003233283202624,0.003126803075846,0.0080972351189074,0.0272029616138107,0.0674617058190686,0.0004386317876053,0.0002012419292814,0.2929720729846272,visium/ju_2024,CPS_OV24RTOV4
6,0.1892199235482817,0.5067425556392642,0.092933838974616,0.0076873682419391,0.0056310157216381,0.0026951952965471,0.0005269972694582,0.0008099719661128,0.0023352699318011,0.0146464924347141,0.0561331555917966,0.0001861501804976,0.0001303870660739,0.1203216781372588,visium/ju_2024,CPS_OV24RTOV4
7,0.4533770974052004,0.0555601191399847,0.0688293076593928,0.0254988737189239,0.03112534627105,0.0036557761765884,0.0002746428991359,0.001215517836077,0.0174094225388051,0.0225083854812547,0.0247834988137018,0.0007502378711242,0.0005006047896827,0.2945111693990776,visium/ju_2024,CPS_OV24RTOV4
8,0.674909603481032,0.1669344059753932,0.0163368899301641,0.0011026239789721,0.0054245948075731,0.0144330241106258,0.000698038803741,0.00014582353583,0.0048193300156707,0.0169743442137603,0.0181340656482076,9.776394719371164e-05,0.0021898753125214,0.0777996162393142,visium/ju_2024,CPS_OV24RTOV4
0,0.8319234992679356,0.0191971889394035,0.0171783451467157,0.011360143450012,0.0046847815606108,0.0040938563906372,0.0006738229056016,0.0006473226375857,0.0050829591045663,0.0178370737168273,0.0129764414861255,0.0003479377125317,0.0005705920102332,0.0734278804735559,visium/ju_2024,CPS_OV34RtOV1
1,0.7752182952182952,0.0165249397542554,0.0356382583131516,0.0157464526309058,0.0100527011057923,0.0049777985799154,0.0010588177396548,0.0006151029651348,0.008040841232828,0.0146426043848479,0.0189374481236869,0.0004553353040177,0.0008355682333501,0.097256855125182,visium/ju_2024,CPS_OV34RtOV1
2,0.1677646396396396,0.5635861202780232,0.0330685895251286,0.1094468653716301,0.0052391888672316,0.0072788927344894,0.0030592843984429,0.0016173696627171,0.0048359949575962,0.006428005835315,0.084006828101006,0.0002206891480423,8.533093405296994e-05,0.0133622005466843,visium/ju_2024,CPS_OV34RtOV1
3,0.2563362068965517,0.5514578459490375,0.0131801728417812,0.0625719390531637,0.0042963013868347,0.0052899383344131,0.0026738660068104,0.0014525927912538,0.0049558400845261,0.005085803289107,0.0760488495967525,8.09550774571747e-05,0.0001334301870619,0.0164362585052487,visium/ju_2024,CPS_OV34RtOV1
4,0.4668138424821001,0.3295432270524745,0.0228698729285705,0.0432452691069013,0.0030899049034965,0.0063168626330824,0.0016519445061904,0.0012666694761056,0.0034904584717889,0.0060312496544872,0.0764846051943684,8.479667688648758e-05,0.000293522002506,0.0388177749110408,visium/ju_2024,CPS_OV34RtOV1
5,0.6916496394230768,0.114179656877355,0.0249000117375719,0.0176006558378969,0.0060275120053624,0.005550584913546,0.0012386391328827,0.0007819317118515,0.0048756368476365,0.0124814182825967,0.0335101194123658,0.0001601996385483,0.0006510620139309,0.0863930523576855,visium/ju_2024,CPS_OV34RtOV1
6,0.717389705882353,0.1370633274447441,0.0218820003505701,0.0136038239035982,0.0039633804055041,0.0031522824166995,0.0007550586106595,0.0011908134002107,0.0028019100404647,0.0059656311149468,0.0433295186099615,0.0001171182340024,0.0004800912590287,0.0483054559743149,visium/ju_2024,CPS_OV34RtOV1
7,0.1296068904593639,0.467410226350335,0.0566614485394564,0.1563337987861508,0.0221673891641246,0.0262016086041269,0.0080227051650726,0.001917440167366,0.0109695516864725,0.0109120446825629,0.093998826346708,0.000695054332452,9.95838151797837e-05,0.015003431900628,visium/ju_2024,CPS_OV34RtOV1
8,0.5542732558139535,0.2130465815112777,0.0036650365766928,0.0115887845146631,0.0013069203710659,0.0066296385023576,0.0031063325833879,0.0007394366871218,0.0013802079815013,0.0049434584245452,0.15018732244431,0.0001058111301483,0.0001939477847761,0.0488332656741983,visium/ju_2024,CPS_OV34RtOV1
0,0.4020445053917597,0.083394192978327,0.0648520597357776,0.0286201602701997,0.0320351662791268,0.0024071293074582,0.0001969833859243,0.0004433868392769,0.0158012464817771,0.019584012334452,0.0410835262376469,0.0001057309955498,0.0237395284148922,0.2856927811838967,visium/ju_2024,CPS_OV5LtOV4
1,0.3478326996197719,0.0840528444430268,0.0765016157203133,0.0222899111595817,0.038820153493322,0.0031378828256358,0.000483280116019,0.0006687666144804,0.0103237399653498,0.025643968975299,0.0367942196683703,0.0002235218533781,0.0040531978318017,0.3491742438674958,visium/ju_2024,CPS_OV5LtOV4
2,0.6325417224263795,0.0205155422146438,0.0712868132159216,0.0139715948263812,0.0307048531296512,0.0022497067585015,0.000187194400026,0.0005239113600673,0.0044755444190756,0.0194172834912697,0.0163298257781486,0.0005898116883644,0.0005917888692533,0.1866150033254812,visium/ju_2024,CPS_OV5LtOV4
3,0.6660466303763074,0.0363282605885782,0.0533986270008839,0.0232805305066964,0.0167519681827417,0.0046071601192809,0.0002521426460816,0.000801134117858,0.0106781207687206,0.0200556081796745,0.0248949945564307,0.0001895775139112,0.0216872713763347,0.1210292690305284,visium/ju_2024,CPS_OV5LtOV4
4,0.4128315543542993,0.0526672364200018,0.0772577919300021,0.0338613039745235,0.0373604442180898,0.0033736740142999,0.0003815502258381,0.0005325101524828,0.0130301982563232,0.0260535408567766,0.0367201268455831,0.0001276195868441,0.0097953446665558,0.2960071526911502,visium/ju_2024,CPS_OV5LtOV4
5,0.5786758071792227,0.0424682716506287,0.0594201831607104,0.0202583112379871,0.0286603777590131,0.0025007469166319,0.0006260454735999,0.0005864851832792,0.0085064782596296,0.0175240313021483,0.0259429985802721,0.0003303971622815,0.0026880612952763,0.2118122285681318,visium/ju_2024,CPS_OV5LtOV4
6,0.6945432124139348,0.1402620408526526,0.0218493632117898,0.005304848672702,0.0056456525449039,0.0029584506829861,0.000506215003003,0.0006073164755054,0.0029706419604927,0.0047015569646458,0.0462848145705779,7.183806017737819e-05,0.0083608341547099,0.0659345657832695,visium/ju_2024,CPS_OV5LtOV4
7,0.7278200253485424,0.0394248605957621,0.0272231914434836,0.0081498166047205,0.010936164599161,0.0016282847713963,0.0016915566210287,2.798528067604365e-05,0.0032288640311776,0.0121029057057329,0.0364880848163583,4.232624303646557e-05,0.0089330311629926,0.1223067916648198,visium/ju_2024,CPS_OV5LtOV4
8,0.5541884879355287,0.1967475375519224,0.057703208052019,0.0045779938980484,0.0087352780481411,0.0061023597954807,0.0012374863437036,0.0009242025008186,0.0029457105931699,0.0102199466756181,0.0494922886011752,0.0003929642865905,0.001363576119619,0.1053695885289816,visium/ju_2024,CPS_OV5LtOV4
0,0.3103690622986091,0.1911808219629567,0.0853565714591659,0.0613274423650523,0.016347963916615,0.0108478575906423,0.0006211954412351,0.0010201939160016,0.0309052238679199,0.0237613941280822,0.0356695223591927,0.0019891780728201,0.0164064592795058,0.2141971133422006,visium/ju_2024,CPS_OV71_1
1,0.4526134089759659,0.056238212746143,0.087514508535962,0.06676084337924,0.0146388763124765,0.0144899767925218,0.0009628357557208,0.0007356475574544,0.0259162155918198,0.0255775525033056,0.0256966195711711,0.0032338283991814,0.0093941152183422,0.2162273586606947,visium/ju_2024,CPS_OV71_1
2,0.5163780154550555,0.0560426725621385,0.0814941406987341,0.0579812994248884,0.0105701867818971,0.0123840067387362,0.000993753362706,0.0005036875631519,0.0161377533913624,0.0208786913833165,0.0358687132958107,0.0053851464234104,0.0147954556894195,0.1705864772293722,visium/ju_2024,CPS_OV71_1
3,0.8806703781391119,0.0110809990895712,0.0184236860216749,0.0144114208896183,0.0025608493355735,0.0048334756654615,0.0001770931460195,0.000216868980969,0.0049186089925234,0.0042082774226888,0.0087220925889279,0.0021470889806493,0.0059313666467101,0.0417006732778777,visium/ju_2024,CPS_OV71_1
4,0.3361472392638036,0.1099720595924557,0.1003016507865799,0.0727111479693553,0.0170485170340516,0.0213640921464958,0.0009787161051852,0.0006110236288881,0.0260826186384094,0.0389001544543237,0.0310392532696954,0.0038939700878639,0.013519724823081,0.2274298321998105,visium/ju_2024,CPS_OV71_1
5,0.2624899491601613,0.1269388395792212,0.096015224500241,0.0790697340095306,0.0179494462548412,0.0166926606825836,0.001674424959497,0.0010423758991334,0.0302368075347608,0.0312717734363594,0.0399589383703966,0.0027906343419848,0.0157875161472387,0.2780816751240498,visium/ju_2024,CPS_OV71_1
6,0.3526397959408052,0.4223609418572207,0.1018819987152915,0.0205251149203964,0.0057572400485054,0.0053822532960652,0.0003614823470227,0.0021910637185373,0.0071669694476286,0.0095070986052972,0.0242815242035796,0.0008203264433622,0.0064798857241591,0.0406443047321281,visium/ju_2024,CPS_OV71_1
7,0.5075469860745936,0.1025281030094714,0.0691302150543074,0.0375288211900722,0.0066900249642994,0.007274342525789,0.0013779865947364,0.0002080586204943,0.0308448189419247,0.0181881052804286,0.0308384397206936,0.001114710645872,0.0170091559809427,0.1697202313963744,visium/ju_2024,CPS_OV71_1
8,0.7687664329535496,0.0111512032564372,0.0387330464940354,0.0350794284581946,0.0077640138549034,0.006993994908131,0.0007803977684372,0.0002072421309048,0.00885321703297,0.0157633285641159,0.0072796770239128,0.0016278299005764,0.002300238620777,0.0947006633187684,visium/ju_2024,CPS_OV71_1
